page,resource_type,author,url
3a,audio,Rabbi Aryeh Lebowitz,https://shiurim.yutorah.net/2020/1109/948236.MP3?redirect=download.yutorah.org
4a,audio,Rabbi Aryeh Lebowitz,https://shiurim.yutorah.net/2020/1109/948336.MP3?redirect=download.yutorah.org
5a,audio,Rabbi Aryeh Lebowitz,https://shiurim.yutorah.net/2020/1109/948363.MP3?redirect=download.yutorah.org
6a,audio,Rabbi Aryeh Lebowitz,https://shiurim.yutorah.net/2020/1109/948447.MP3?redirect=download.yutorah.org
7a,audio,Rabbi Aryeh Lebowitz,https://shiurim.yutorah.net/2012/1109/782475.MP3?redirect=download.yutorah.org
8a,audio,Rabbi Aryeh Lebowitz,https://shiurim.yutorah.net/2012/1109/782523.MP3?redirect=download.yutorah.org
9a,audio,Rabbi Aryeh Lebowitz,https://shiurim.yutorah.net/2020/1109/948656.MP3?redirect=download.yutorah.org
10a,audio,Rabbi Aryeh Lebowitz,https://shiurim.yutorah.net/2020/1109/948773.MP3?redirect=download.yutorah.org
11a,audio,Rabbi Aryeh Lebowitz,https://shiurim.yutorah.net/2020/1109/948894.MP3?redirect=download.yutorah.org
12a,audio,Rabbi Aryeh Lebowitz,https://shiurim.yutorah.net/2020/1109/949052.MP3?redirect=download.yutorah.org
13a,audio,Rabbi Aryeh Lebowitz,https://shiurim.yutorah.net/2020/1109/949171.MP3?redirect=download.yutorah.org
14a,audio,Rabbi Aryeh Lebowitz,https://shiurim.yutorah.net/2020/1109/949304.MP3?redirect=download.yutorah.org
15a,audio,Rabbi Aryeh Lebowitz,https://shiurim.yutorah.net/2012/1109/782776.MP3?redirect=download.yutorah.org
16a,audio,Rabbi Aryeh Lebowitz,https://shiurim.yutorah.net/2020/1109/949426.MP3?redirect=download.yutorah.org
17a,audio,Rabbi Aryeh Lebowitz,https://shiurim.yutorah.net/2020/1109/949542.MP3?redirect=download.yutorah.org
18a,audio,Rabbi Aryeh Lebowitz,https://shiurim.yutorah.net/2020/1109/949704.MP3?redirect=download.yutorah.org
19a,audio,Rabbi Aryeh Lebowitz,https://shiurim.yutorah.net/2020/1109/949848.MP3?redirect=download.yutorah.org
20a,audio,Rabbi Aryeh Lebowitz,https://shiurim.yutorah.net/2020/1109/950013.MP3?redirect=download.yutorah.org
21a,audio,Rabbi Aryeh Lebowitz,https://shiurim.yutorah.net/2020/1109/950179.MP3?redirect=download.yutorah.org
22a,audio,Rabbi Aryeh Lebowitz,https://shiurim.yutorah.net/2012/1109/783087.MP3?redirect=download.yutorah.org
23a,audio,Rabbi Aryeh Lebowitz,https://shiurim.yutorah.net/2020/1109/950309.MP3?redirect=download.yutorah.org
24a,audio,Rabbi Aryeh Lebowitz,https://shiurim.yutorah.net/2020/1109/950446.MP3?redirect=download.yutorah.org
25a,audio,Rabbi Aryeh Lebowitz,https://shiurim.yutorah.net/2020/1109/950639.MP3?redirect=download.yutorah.org
26a,audio,Rabbi Aryeh Lebowitz,https://shiurim.yutorah.net/2020/1109/950810.MP3?redirect=download.yutorah.org
27a,audio,Rabbi Aryeh Lebowitz,https://shiurim.yutorah.net/2020/1109/951023.MP3?redirect=download.yutorah.org
28a,audio,Rabbi Aryeh Lebowitz,https://shiurim.yutorah.net/2020/1109/951200.MP3?redirect=download.yutorah.org
29a,audio,Rabbi Moshe Pessin,https://shiurim.yutorah.net/2020/38463/951364.MP3?redirect=download.yutorah.org
30a,audio,Rabbi Aryeh Lebowitz,https://shiurim.yutorah.net/2020/1109/951314.MP3?redirect=download.yutorah.org
31a,audio,Rabbi Aryeh Lebowitz,https://shiurim.yutorah.net/2020/1109/951461.MP3?redirect=download.yutorah.org
32a,audio,Rabbi Aryeh Lebowitz,https://shiurim.yutorah.net/2020/1109/951619.MP3?redirect=download.yutorah.org
33a,audio,Rabbi Aryeh Lebowitz,https://shiurim.yutorah.net/2020/1109/951772.MP3?redirect=download.yutorah.org
34a,audio,Rabbi Aryeh Lebowitz,https://shiurim.yutorah.net/2012/1109/783598.MP3?redirect=download.yutorah.org
35a,audio,Rabbi Aryeh Lebowitz,https://shiurim.yutorah.net/2012/1109/783668.MP3?redirect=download.yutorah.org
36a,audio,Rabbi Aryeh Lebowitz,https://shiurim.yutorah.net/2012/1109/783794.MP3?redirect=download.yutorah.org
37a,audio,Rabbi Aryeh Lebowitz,https://shiurim.yutorah.net/2020/1109/951883.MP3?redirect=download.yutorah.org
38a,audio,Rabbi Aryeh Lebowitz,https://shiurim.yutorah.net/2020/1109/951998.MP3?redirect=download.yutorah.org
39a,audio,Rabbi Aryeh Lebowitz,https://shiurim.yutorah.net/2020/1109/952137.MP3?redirect=download.yutorah.org
40a,audio,Rabbi Aryeh Lebowitz,https://shiurim.yutorah.net/2012/1109/783897.MP3?redirect=download.yutorah.org
41a,audio,Rabbi Aryeh Lebowitz,https://shiurim.yutorah.net/2012/1109/783951.MP3?redirect=download.yutorah.org
42a,audio,Rabbi Aryeh Lebowitz,https://shiurim.yutorah.net/2020/1109/952262.MP3?redirect=download.yutorah.org
43a,audio,Rabbi Aryeh Lebowitz,https://shiurim.yutorah.net/2012/1109/784065.MP3?redirect=download.yutorah.org
44a,audio,Rabbi Aryeh Lebowitz,https://shiurim.yutorah.net/2020/1109/952371.MP3?redirect=download.yutorah.org
45a,audio,Rabbi Aryeh Lebowitz,https://shiurim.yutorah.net/2020/1109/952469.MP3?redirect=download.yutorah.org
46a,audio,Rabbi Aryeh Lebowitz,https://shiurim.yutorah.net/2020/1109/952605.MP3?redirect=download.yutorah.org
47a,audio,Rabbi Aryeh Lebowitz,https://shiurim.yutorah.net/2020/1109/952754.MP3?redirect=download.yutorah.org
48a,audio,Rabbi Aryeh Lebowitz,https://shiurim.yutorah.net/2020/1109/952918.MP3?redirect=download.yutorah.org
49a,audio,Rabbi Aryeh Lebowitz,https://shiurim.yutorah.net/2020/1109/953104.MP3?redirect=download.yutorah.org
50a,audio,Rabbi Aryeh Lebowitz,https://shiurim.yutorah.net/2012/1109/784418.MP3?redirect=download.yutorah.org
51a,audio,Rabbi Aryeh Lebowitz,https://shiurim.yutorah.net/2020/1109/953254.MP3?redirect=download.yutorah.org
52a,audio,Rabbi Aryeh Lebowitz,https://shiurim.yutorah.net/2020/1109/953383.MP3?redirect=download.yutorah.org
53a,audio,Rabbi Aryeh Lebowitz,https://shiurim.yutorah.net/2020/1109/953547.MP3?redirect=download.yutorah.org
54a,audio,Rabbi Aryeh Lebowitz,https://shiurim.yutorah.net/2020/1109/953700.MP3?redirect=download.yutorah.org
55a,audio,Rabbi Aryeh Lebowitz,https://shiurim.yutorah.net/2020/1109/953864.MP3?redirect=download.yutorah.org
56a,audio,Rabbi Aryeh Lebowitz,https://shiurim.yutorah.net/2020/1109/954044.MP3?redirect=download.yutorah.org
57a,audio,Rabbi Aryeh Lebowitz,https://shiurim.yutorah.net/2012/1109/784684.MP3?redirect=download.yutorah.org
58a,audio,Rabbi Aryeh Lebowitz,https://shiurim.yutorah.net/2020/1109/954165.MP3?redirect=download.yutorah.org
59a,audio,Rabbi Aryeh Lebowitz,https://shiurim.yutorah.net/2020/1109/954324.MP3?redirect=download.yutorah.org
60a,audio,Rabbi Aryeh Lebowitz,https://shiurim.yutorah.net/2020/1109/954481.MP3?redirect=download.yutorah.org
61a,audio,Rabbi Aryeh Lebowitz,https://shiurim.yutorah.net/2020/1109/954652.MP3?redirect=download.yutorah.org
62a,audio,Rabbi Aryeh Lebowitz,https://shiurim.yutorah.net/2020/1109/955032.MP3?redirect=download.yutorah.org
63a,audio,Rabbi Aryeh Lebowitz,https://shiurim.yutorah.net/2020/1109/955216.MP3?redirect=download.yutorah.org
64a,audio,Rabbi Aryeh Lebowitz,https://shiurim.yutorah.net/2012/1109/785031.MP3?redirect=download.yutorah.org
65a,audio,Rabbi Aryeh Lebowitz,https://shiurim.yutorah.net/2020/1109/955386.MP3?redirect=download.yutorah.org
66a,audio,Rabbi Aryeh Lebowitz,https://shiurim.yutorah.net/2020/1109/955532.MP3?redirect=download.yutorah.org
67a,audio,Rabbi Aryeh Lebowitz,https://shiurim.yutorah.net/2020/1109/955697.MP3?redirect=download.yutorah.org
68a,audio,Rabbi Aryeh Lebowitz,https://shiurim.yutorah.net/2020/1109/955847.MP3?redirect=download.yutorah.org
69a,audio,Rabbi Aryeh Lebowitz,https://shiurim.yutorah.net/2020/1109/956019.MP3?redirect=download.yutorah.org
70a,audio,Rabbi Aryeh Lebowitz,https://shiurim.yutorah.net/2020/1109/956199.MP3?redirect=download.yutorah.org
71a,audio,Rabbi Aryeh Lebowitz,https://shiurim.yutorah.net/2012/1109/785412.MP3?redirect=download.yutorah.org
72a,audio,Rabbi Aryeh Lebowitz,https://shiurim.yutorah.net/2020/1109/956369.MP3?redirect=download.yutorah.org
73a,audio,Rabbi Aryeh Lebowitz,https://shiurim.yutorah.net/2020/1109/956507.MP3?redirect=download.yutorah.org
74a,audio,Rabbi Aryeh Lebowitz,https://shiurim.yutorah.net/2020/1109/956695.MP3?redirect=download.yutorah.org
75a,audio,Rabbi Aryeh Lebowitz,https://shiurim.yutorah.net/2020/1109/956832.MP3?redirect=download.yutorah.org
76a,audio,Rabbi Aryeh Lebowitz,https://shiurim.yutorah.net/2020/1109/956994.MP3?redirect=download.yutorah.org
77a,audio,Rabbi Aryeh Lebowitz,https://shiurim.yutorah.net/2020/1109/957172.MP3?redirect=download.yutorah.org
78a,audio,Rabbi Aryeh Lebowitz,https://shiurim.yutorah.net/2012/1109/785811.MP3?redirect=download.yutorah.org
79a,audio,Rabbi Aryeh Lebowitz,https://shiurim.yutorah.net/2020/1109/957304.MP3?redirect=download.yutorah.org
80a,audio,Rabbi Aryeh Lebowitz,https://shiurim.yutorah.net/2020/1109/957414.MP3?redirect=download.yutorah.org
81a,audio,Rabbi Aryeh Lebowitz,https://shiurim.yutorah.net/2020/1109/957544.MP3?redirect=download.yutorah.org
82a,audio,Rabbi Aryeh Lebowitz,https://shiurim.yutorah.net/2020/1109/957694.MP3?redirect=download.yutorah.org
83a,audio,Rabbi Aryeh Lebowitz,https://shiurim.yutorah.net/2020/1109/957875.MP3?redirect=download.yutorah.org
84a,audio,Rabbi Aryeh Lebowitz,https://shiurim.yutorah.net/2012/1109/786089.MP3?redirect=download.yutorah.org
85a,audio,Rabbi Aryeh Lebowitz,https://shiurim.yutorah.net/2012/1109/786189.MP3?redirect=download.yutorah.org
86a,audio,Rabbi Aryeh Lebowitz,https://shiurim.yutorah.net/2020/1109/958013.MP3?redirect=download.yutorah.org
87a,audio,Rabbi Aryeh Lebowitz,https://shiurim.yutorah.net/2020/1109/958095.MP3?redirect=download.yutorah.org
88a,audio,Rabbi Aryeh Lebowitz,https://shiurim.yutorah.net/2020/1109/958207.MP3?redirect=download.yutorah.org
89a,audio,Rabbi Aryeh Lebowitz,https://shiurim.yutorah.net/2020/1109/958382.MP3?redirect=download.yutorah.org
90a,audio,Rabbi Aryeh Lebowitz,https://shiurim.yutorah.net/2020/1109/958571.MP3?redirect=download.yutorah.org
91a,audio,Rabbi Aryeh Lebowitz,https://shiurim.yutorah.net/2020/1109/958714.MP3?redirect=download.yutorah.org
92a,audio,Rabbi Aryeh Lebowitz,https://shiurim.yutorah.net/2013/1109/788333.MP3?redirect=download.yutorah.org
93a,audio,Rabbi Aryeh Lebowitz,https://shiurim.yutorah.net/2020/1109/958851.MP3?redirect=download.yutorah.org
94a,audio,Rabbi Aryeh Lebowitz,https://shiurim.yutorah.net/2020/1109/959017.MP3?redirect=download.yutorah.org
95a,audio,Rabbi Aryeh Lebowitz,https://shiurim.yutorah.net/2020/1109/959166.MP3?redirect=download.yutorah.org
96a,audio,Rabbi Aryeh Lebowitz,https://shiurim.yutorah.net/2020/1109/959290.MP3?redirect=download.yutorah.org
97a,audio,Rabbi Aryeh Lebowitz,https://shiurim.yutorah.net/2020/1109/959452.MP3?redirect=download.yutorah.org
98a,audio,Rabbi Aryeh Lebowitz,https://shiurim.yutorah.net/2020/1109/959640.MP3?redirect=download.yutorah.org
99a,audio,Rabbi Aryeh Lebowitz,https://shiurim.yutorah.net/2020/1109/959736.MP3?redirect=download.yutorah.org
100a,audio,Rabbi Aryeh Lebowitz,https://shiurim.yutorah.net/2020/1109/959769.MP3?redirect=download.yutorah.org
101a,audio,Rabbi Aryeh Lebowitz,https://shiurim.yutorah.net/2020/1109/959857.MP3?redirect=download.yutorah.org
102a,audio,Rabbi Aryeh Lebowitz,https://shiurim.yutorah.net/2020/1109/959955.MP3?redirect=download.yutorah.org
103a,audio,Rabbi Aryeh Lebowitz,https://shiurim.yutorah.net/2020/1109/960078.MP3?redirect=download.yutorah.org
104a,audio,Rabbi Aryeh Lebowitz,https://shiurim.yutorah.net/2020/1109/960202.MP3?redirect=download.yutorah.org
105a,audio,Rabbi Aryeh Lebowitz,https://shiurim.yutorah.net/2020/1109/960336.MP3?redirect=download.yutorah.org
106a,audio,Rabbi Aryeh Lebowitz,https://shiurim.yutorah.net/2020/1109/960431.MP3?redirect=download.yutorah.org
107a,audio,Rabbi Aryeh Lebowitz,https://shiurim.yutorah.net/2020/1109/960463.MP3?redirect=download.yutorah.org
108a,audio,Rabbi Aryeh Lebowitz,https://shiurim.yutorah.net/2020/1109/960551.MP3?redirect=download.yutorah.org
109a,audio,Rabbi Aryeh Lebowitz,https://shiurim.yutorah.net/2020/1109/960665.MP3?redirect=download.yutorah.org
110a,audio,Rabbi Aryeh Lebowitz,https://shiurim.yutorah.net/2020/1109/960786.MP3?redirect=download.yutorah.org
111a,audio,Rabbi Aryeh Lebowitz,https://shiurim.yutorah.net/2020/1109/960928.MP3?redirect=download.yutorah.org
112a,audio,Rabbi Aryeh Lebowitz,https://shiurim.yutorah.net/2020/1109/961078.MP3?redirect=download.yutorah.org
113a,audio,Rabbi Aryeh Lebowitz,https://shiurim.yutorah.net/2020/1109/961180.MP3?redirect=download.yutorah.org
114a,audio,Rabbi Aryeh Lebowitz,https://shiurim.yutorah.net/2020/1109/961210.MP3?redirect=download.yutorah.org
115a,audio,Rabbi Aryeh Lebowitz,https://shiurim.yutorah.net/2020/1109/961306.MP3?redirect=download.yutorah.org
116a,audio,Rabbi Aryeh Lebowitz,https://shiurim.yutorah.net/2020/1109/961426.MP3?redirect=download.yutorah.org
117a,audio,Rabbi Aryeh Lebowitz,https://shiurim.yutorah.net/2020/1109/961598.MP3?redirect=download.yutorah.org
118a,audio,Rabbi Aryeh Lebowitz,https://shiurim.yutorah.net/2020/1109/961748.MP3?redirect=download.yutorah.org
119a,audio,Rabbi Aryeh Lebowitz,https://shiurim.yutorah.net/2020/1109/961909.MP3?redirect=download.yutorah.org
120a,audio,Rabbi Aryeh Lebowitz,https://shiurim.yutorah.net/2013/1109/789640.MP3?redirect=download.yutorah.org
121a,audio,Rabbi Aryeh Lebowitz,https://shiurim.yutorah.net/2020/1109/962038.MP3?redirect=download.yutorah.org
122a,audio,Rabbi Aryeh Lebowitz,https://shiurim.yutorah.net/2020/1109/962208.MP3?redirect=download.yutorah.org
123a,audio,Rabbi Aryeh Lebowitz,https://shiurim.yutorah.net/2020/1109/962364.MP3?redirect=download.yutorah.org
124a,audio,Rabbi Aryeh Lebowitz,https://shiurim.yutorah.net/2020/1109/962580.MP3?redirect=download.yutorah.org
125a,audio,Rabbi Aryeh Lebowitz,https://shiurim.yutorah.net/2013/1109/789878.MP3?redirect=download.yutorah.org
126a,audio,Rabbi Aryeh Lebowitz,https://shiurim.yutorah.net/2020/1109/962891.MP3?redirect=download.yutorah.org
127a,audio,Rabbi Aryeh Lebowitz,https://shiurim.yutorah.net/2013/1109/789976.MP3?redirect=download.yutorah.org
128a,audio,Rabbi Aryeh Lebowitz,https://shiurim.yutorah.net/2020/1109/963003.MP3?redirect=download.yutorah.org
129a,audio,Rabbi Aryeh Lebowitz,https://shiurim.yutorah.net/2020/1109/963126.MP3?redirect=download.yutorah.org
130a,audio,Rabbi Aryeh Lebowitz,https://shiurim.yutorah.net/2020/1109/963253.MP3?redirect=download.yutorah.org
131a,audio,Rabbi Aryeh Lebowitz,https://shiurim.yutorah.net/2020/1109/963414.MP3?redirect=download.yutorah.org
132a,audio,Rabbi Aryeh Lebowitz,https://shiurim.yutorah.net/2020/1109/963565.MP3?redirect=download.yutorah.org
133a,audio,Rabbi Aryeh Lebowitz,https://shiurim.yutorah.net/2020/1109/963778.MP3?redirect=download.yutorah.org
134a,audio,Rabbi Aryeh Lebowitz,https://shiurim.yutorah.net/2013/1109/790328.MP3?redirect=download.yutorah.org
135a,audio,Rabbi Aryeh Lebowitz,https://shiurim.yutorah.net/2020/1109/963913.MP3?redirect=download.yutorah.org
136a,audio,Rabbi Aryeh Lebowitz,https://shiurim.yutorah.net/2020/1109/964021.MP3?redirect=download.yutorah.org
137a,audio,Rabbi Aryeh Lebowitz,https://shiurim.yutorah.net/2020/1109/964150.MP3?redirect=download.yutorah.org
138a,audio,Rabbi Aryeh Lebowitz,https://shiurim.yutorah.net/2020/1109/964319.MP3?redirect=download.yutorah.org
139a,audio,Rabbi Aryeh Lebowitz,https://shiurim.yutorah.net/2020/1109/964509.MP3?redirect=download.yutorah.org
140a,audio,Rabbi Aryeh Lebowitz,https://shiurim.yutorah.net/2020/1109/964743.MP3?redirect=download.yutorah.org
141a,audio,Rabbi Aryeh Lebowitz,https://shiurim.yutorah.net/2013/1109/790691.MP3?redirect=download.yutorah.org
142a,audio,Rabbi Aryeh Lebowitz,https://shiurim.yutorah.net/2020/1109/964966.MP3?redirect=download.yutorah.org
143a,audio,Rabbi Aryeh Lebowitz,https://shiurim.yutorah.net/2020/1109/965119.MP3?redirect=download.yutorah.org
144a,audio,Rabbi Aryeh Lebowitz,https://shiurim.yutorah.net/2020/1109/965293.MP3?redirect=download.yutorah.org
145a,audio,Rabbi Aryeh Lebowitz,https://shiurim.yutorah.net/2020/1109/965457.MP3?redirect=download.yutorah.org
146a,audio,Rabbi Aryeh Lebowitz,https://shiurim.yutorah.net/2020/1109/965711.MP3?redirect=download.yutorah.org
147a,audio,Rabbi Aryeh Lebowitz,https://shiurim.yutorah.net/2020/1109/965738.MP3?redirect=download.yutorah.org
148a,audio,Rabbi Aryeh Lebowitz,https://shiurim.yutorah.net/2013/1109/790991.MP3?redirect=download.yutorah.org
149a,audio,Rabbi Aryeh Lebowitz,https://shiurim.yutorah.net/2020/1109/965866.MP3?redirect=download.yutorah.org
150a,audio,Rabbi Aryeh Lebowitz,https://shiurim.yutorah.net/2020/1109/965969.MP3?redirect=download.yutorah.org
151a,audio,Rabbi Aryeh Lebowitz,https://shiurim.yutorah.net/2020/1109/966075.MP3?redirect=download.yutorah.org
152a,audio,Rabbi Aryeh Lebowitz,https://shiurim.yutorah.net/2013/1109/791158.MP3?redirect=download.yutorah.org
153a,audio,Rabbi Aryeh Lebowitz,https://shiurim.yutorah.net/2020/1109/966275.MP3?redirect=download.yutorah.org
154a,audio,Rabbi Aryeh Lebowitz,https://shiurim.yutorah.net/2020/1109/966434.MP3?redirect=download.yutorah.org
155a,audio,Rabbi Aryeh Lebowitz,https://shiurim.yutorah.net/2013/1109/791368.MP3?redirect=download.yutorah.org
156a,audio,Rabbi Aryeh Lebowitz,https://shiurim.yutorah.net/2020/1109/966525.MP3?redirect=download.yutorah.org
157a,audio,Rabbi Aryeh Lebowitz,https://shiurim.yutorah.net/2020/1109/966661.MP3?redirect=download.yutorah.org
