page,author,url
2a,Rabbi Aryeh Lebowitz,https://shiurim.yutorah.net/2018/1109/898800.MP3?redirect=download.yutorah.org
3a,Rabbi Aryeh Lebowitz,https://shiurim.yutorah.net/2018/1109/898851.MP3?redirect=download.yutorah.org
4a,Rabbi Aryeh Lebowitz,https://shiurim.yutorah.net/2018/1109/898951.MP3?redirect=download.yutorah.org
5a,Rabbi Aryeh Lebowitz,https://shiurim.yutorah.net/2018/1109/899038.MP3?redirect=download.yutorah.org
6a,Rabbi Aryeh Lebowitz,https://shiurim.yutorah.net/2018/1109/899108.MP3?redirect=download.yutorah.org
7a,Rabbi Aryeh Lebowitz,https://shiurim.yutorah.net/2018/1109/899201.MP3?redirect=download.yutorah.org
8a,Rabbi Aryeh Lebowitz,https://shiurim.yutorah.net/2010/1109/752367.MP3?redirect=download.yutorah.org
9a,Rabbi Aryeh Lebowitz,https://shiurim.yutorah.net/2010/1109/752437.MP3?redirect=download.yutorah.org
10a,Rabbi Aryeh Lebowitz,https://shiurim.yutorah.net/2025/27007/1147977.MP3?redirect=download.yutorah.org
11a,Rabbi Dr Aaron Glatt,https://shiurim.yutorah.net/2025/27007/1148079.MP3?redirect=download.yutorah.org
12a,Rabbi Dr Aaron Glatt,https://shiurim.yutorah.net/2025/27007/1148236.MP3?redirect=download.yutorah.org
13a,Rabbi Dr Aaron Glatt,https://shiurim.yutorah.net/2025/27007/1148236.MP3?redirect=download.yutorah.org
14a,Rabbi Dr Aaron Glatt,https://shiurim.yutorah.net/2025/27007/1148374.MP3?redirect=download.yutorah.org
15a,Rabbi Dr Aaron Glatt,https://shiurim.yutorah.net/2025/27007/1148541.MP3?redirect=download.yutorah.org