page,url
2a,https://youtu.be/FsCx5V0vH08
3a,https://youtu.be/5Ke2FHdPZYc
4a,https://youtu.be/C25VTllWhgs
5a,https://youtu.be/AN20lBm6N34
6a,https://youtu.be/It_dmGh9Daw
7a,https://youtu.be/5BsJDyx96Ps
8a,https://youtu.be/yCYJriktX-8
9a,https://youtu.be/9QHJ9y3pB4c
10a,https://youtu.be/P8soTYHTLas
11a,https://youtu.be/O0VSuABNYHw
12a,https://youtu.be/jqVa3kw3mJA
12b,https://youtu.be/QTkWu3wPF0A
13a,https://youtu.be/GWPzTK-Sxp4
14a,https://youtu.be/Mnx8x5wgNww
15a,https://youtu.be/S5Lxg4sJcrw
18b,https://youtu.be/4qszyKppgCw
19a,https://youtu.be/RRvQ_gUA1pc
20a,https://youtu.be/bShrsz6tsxs
21a,https://youtu.be/nM7pieC4PYI
