verse,reference,tree_raw
1,I Kings 2:1,"{'name': 'PASUK', 'children': [{'name': 'ETNACHTA', 'children': [{'name': 'TIPCHA', 'children': [{'name': 'וַיִּקְרְב֥וּ'}, {'name': 'יְמֵֽי־דָוִ֖ד'}]}, {'name': 'ETNACHTA', 'children': [{'name': 'לָמ֑וּת'}]}]}, {'name': 'SILLUQ', 'children': [{'name': 'TIPCHA', 'children': [{'name': 'TEVIR', 'children': [{'name': 'וַיְצַ֛ו'}]}, {'name': 'TIPCHA', 'children': [{'name': 'אֶת־שְׁלֹמֹ֥ה'}, {'name': 'בְנ֖וֹ'}]}]}, {'name': 'SILLUQ', 'children': [{'name': 'לֵאמֹֽר׃'}]}]}]}"
2,I Kings 2:2,"{'name': 'PASUK', 'children': [{'name': 'ETNACHTA', 'children': [{'name': 'ZAKEF_KATON', 'children': [{'name': 'אָנֹכִ֣י'}, {'name': 'הֹלֵ֔ךְ'}]}, {'name': 'ETNACHTA', 'children': [{'name': 'TIPCHA', 'children': [{'name': 'בְּדֶ֖רֶךְ'}]}, {'name': 'ETNACHTA', 'children': [{'name': 'כָּל־הָאָ֑רֶץ'}]}]}]}, {'name': 'SILLUQ', 'children': [{'name': 'TIPCHA', 'children': [{'name': 'וְחָזַקְתָּ֖'}]}, {'name': 'SILLUQ', 'children': [{'name': 'וְהָיִ֥יתָֽ'}, {'name': 'לְאִֽישׁ׃'}]}]}]}"
3,I Kings 2:3,"{'name': 'PASUK', 'children': [{'name': 'ETNACHTA', 'children': [{'name': 'ZAKEF_KATON', 'children': [{'name': 'REVIA', 'children': [{'name': 'GERSHAYIM', 'children': [{'name': 'וְשָׁמַרְתָּ֞'}]}, {'name': 'REVIA', 'children': [{'name': 'MUNACH_LEGARMEIH', 'children': [{'name': 'אֶת־מִשְׁמֶ֣רֶת׀'}]}, {'name': 'REVIA', 'children': [{'name': 'יְהוָ֣ה'}, {'name': 'אֱלֹהֶ֗יךָ'}]}]}]}, {'name': 'ZAKEF_KATON', 'children': [{'name': 'PASHTA', 'children': [{'name': 'לָלֶ֤כֶת'}, {'name': 'בִּדְרָכָיו֙'}]}, {'name': 'ZAKEF_KATON', 'children': [{'name': 'PASHTA', 'children': [{'name': 'לִשְׁמֹ֨ר'}, {'name': 'חֻקֹּתָ֤יו'}, {'name': 'מִצְוֺתָיו֙'}]}, {'name': 'ZAKEF_KATON', 'children': [{'name': 'וּמִשְׁפָּטָ֣יו'}, {'name': 'וְעֵדְוֺתָ֔יו'}]}]}]}]}, {'name': 'ETNACHTA', 'children': [{'name': 'TIPCHA', 'children': [{'name': 'כַּכָּת֖וּב'}]}, {'name': 'ETNACHTA', 'children': [{'name': 'בְּתוֹרַ֣ת'}, {'name': 'מֹשֶׁ֑ה'}]}]}]}, {'name': 'SILLUQ', 'children': [{'name': 'ZAKEF_KATON', 'children': [{'name': 'REVIA', 'children': [{'name': 'לְמַ֣עַן'}, {'name': 'תַּשְׂכִּ֗יל'}]}, {'name': 'ZAKEF_KATON', 'children': [{'name': 'YETIV', 'children': [{'name': 'אֵ֚ת'}]}, {'name': 'ZAKEF_KATON', 'children': [{'name': 'כָּל־אֲשֶׁ֣ר'}, {'name': 'תַּֽעֲשֶׂ֔ה'}]}]}]}, {'name': 'SILLUQ', 'children': [{'name': 'TIPCHA', 'children': [{'name': 'TEVIR', 'children': [{'name': 'וְאֵ֛ת'}]}, {'name': 'TIPCHA', 'children': [{'name': 'כָּל־אֲשֶׁ֥ר'}, {'name': 'תִּפְנֶ֖ה'}]}]}, {'name': 'SILLUQ', 'children': [{'name': 'שָֽׁם׃'}]}]}]}]}"
4,I Kings 2:4,"{'name': 'PASUK', 'children': [{'name': 'ETNACHTA', 'children': [{'name': 'SEGOLTA', 'children': [{'name': 'REVIA', 'children': [{'name': 'GERESH', 'children': [{'name': 'לְמַעַן֩'}, {'name': 'יָקִ֨ים'}, {'name': 'יְהוָ֜ה'}]}, {'name': 'REVIA', 'children': [{'name': 'אֶת־דְּבָר֗וֹ'}]}]}, {'name': 'SEGOLTA', 'children': [{'name': 'ZARQA', 'children': [{'name': 'אֲשֶׁ֨ר'}, {'name': 'דִּבֶּ֣ר'}, {'name': 'עָלַי֮'}]}, {'name': 'SEGOLTA', 'children': [{'name': 'לֵאמֹר֒'}]}]}]}, {'name': 'ETNACHTA', 'children': [{'name': 'ZAKEF_KATON', 'children': [{'name': 'REVIA', 'children': [{'name': 'GERESH', 'children': [{'name': 'אִם־יִשְׁמְר֨וּ'}, {'name': 'בָנֶ֜יךָ'}]}, {'name': 'REVIA', 'children': [{'name': 'אֶת־דַּרְכָּ֗ם'}]}]}, {'name': 'ZAKEF_KATON', 'children': [{'name': 'PASHTA', 'children': [{'name': 'לָלֶ֤כֶת'}, {'name': 'לְפָנַי֙'}]}, {'name': 'ZAKEF_KATON', 'children': [{'name': 'בֶּאֱמֶ֔ת'}]}]}]}, {'name': 'ETNACHTA', 'children': [{'name': 'TIPCHA', 'children': [{'name': 'בְּכָל־לְבָבָ֖ם'}]}, {'name': 'ETNACHTA', 'children': [{'name': 'וּבְכָל־נַפְשָׁ֑ם'}]}]}]}]}, {'name': 'SILLUQ', 'children': [{'name': 'ZAKEF_GADOL', 'children': [{'name': 'לֵאמֹ֕ר'}]}, {'name': 'SILLUQ', 'children': [{'name': 'ZAKEF_KATON', 'children': [{'name': 'PASHTA', 'children': [{'name': 'לֹֽא־יִכָּרֵ֤ת'}, {'name': 'לְךָ֙'}]}, {'name': 'ZAKEF_KATON', 'children': [{'name': 'אִ֔ישׁ'}]}]}, {'name': 'SILLUQ', 'children': [{'name': 'TIPCHA', 'children': [{'name': 'מֵעַ֖ל'}]}, {'name': 'SILLUQ', 'children': [{'name': 'כִּסֵּ֥א'}, {'name': 'יִשְׂרָאֵֽל׃'}]}]}]}]}]}"
5,I Kings 2:5,"{'name': 'PASUK', 'children': [{'name': 'ETNACHTA', 'children': [{'name': 'ZAKEF_KATON', 'children': [{'name': 'REVIA', 'children': [{'name': 'PAZER', 'children': [{'name': 'וְגַ֣ם'}, {'name': 'אַתָּ֣ה'}, {'name': 'יָדַ֡עְתָּ'}]}, {'name': 'REVIA', 'children': [{'name': 'GERESH', 'children': [{'name': 'אֵת֩'}, {'name': 'אֲשֶׁר־עָ֨שָׂה'}, {'name': 'לִ֜י'}]}, {'name': 'REVIA', 'children': [{'name': 'יוֹאָ֣ב'}, {'name': 'בֶּן־צְרוּיָ֗ה'}]}]}]}, {'name': 'ZAKEF_KATON', 'children': [{'name': 'PASHTA', 'children': [{'name': 'TELISHA_GEDOLA', 'children': [{'name': 'אֲשֶׁ֣ר'}, {'name': 'עָשָׂ֣ה'}, {'name': 'לִשְׁנֵֽי־שָׂרֵ֣י'}, {'name': 'צִבְא֣וֹת'}, {'name': 'יִ֠שְׂרָאֵל'}]}, {'name': 'PASHTA', 'children': [{'name': 'GERESH', 'children': [{'name': 'לְאַבְנֵ֨ר'}, {'name': 'בֶּן־נֵ֜ר'}]}, {'name': 'PASHTA', 'children': [{'name': 'וְלַעֲמָשָׂ֤א'}, {'name': 'בֶן־יֶ֙תֶר֙'}]}]}]}, {'name': 'ZAKEF_KATON', 'children': [{'name': 'וַיַּ֣הַרְגֵ'}, {'name': '֔ם'}]}]}]}, {'name': 'ETNACHTA', 'children': [{'name': 'TIPCHA', 'children': [{'name': 'וַיָּ֥שֶׂם'}, {'name': 'דְּמֵֽי־מִלְחָמָ֖ה'}]}, {'name': 'ETNACHTA', 'children': [{'name': 'בְּשָׁלֹ֑ם'}]}]}]}, {'name': 'SILLUQ', 'children': [{'name': 'ZAKEF_KATON', 'children': [{'name': 'REVIA', 'children': [{'name': 'GERSHAYIM', 'children': [{'name': 'וַיִּתֵּ֞ן'}]}, {'name': 'REVIA', 'children': [{'name': 'דְּמֵ֣י'}, {'name': 'מִלְחָמָ֗ה'}]}]}, {'name': 'ZAKEF_KATON', 'children': [{'name': 'PASHTA', 'children': [{'name': 'בַּחֲגֹֽרָתוֹ֙'}]}, {'name': 'ZAKEF_KATON', 'children': [{'name': 'אֲשֶׁ֣ר'}, {'name': 'בְּמָתְנָ֔יו'}]}]}]}, {'name': 'SILLUQ', 'children': [{'name': 'TIPCHA', 'children': [{'name': 'וּֽבְנַעֲל֖וֹ'}]}, {'name': 'SILLUQ', 'children': [{'name': 'אֲשֶׁ֥ר'}, {'name': 'בְּרַגְלָֽיו׃'}]}]}]}]}"
6,I Kings 2:6,"{'name': 'PASUK', 'children': [{'name': 'ETNACHTA', 'children': [{'name': 'TIPCHA', 'children': [{'name': 'וְעָשִׂ֖יתָ'}]}, {'name': 'ETNACHTA', 'children': [{'name': 'כְּחָכְמָתֶ֑ךָ'}]}]}, {'name': 'SILLUQ', 'children': [{'name': 'TIPCHA', 'children': [{'name': 'TEVIR', 'children': [{'name': 'וְלֹֽא־תוֹרֵ֧ד'}, {'name': 'שֵׂיבָת֛וֹ'}]}, {'name': 'TIPCHA', 'children': [{'name': 'בְּשָׁלֹ֖ם'}]}]}, {'name': 'SILLUQ', 'children': [{'name': 'שְׁאֹֽל׃'}]}]}]}"
7,I Kings 2:7,"{'name': 'PASUK', 'children': [{'name': 'ETNACHTA', 'children': [{'name': 'ZAKEF_KATON', 'children': [{'name': 'PASHTA', 'children': [{'name': 'וְלִבְנֵ֨י'}, {'name': 'בַרְזִלַּ֤י'}, {'name': 'הַגִּלְעָדִי֙'}]}, {'name': 'ZAKEF_KATON', 'children': [{'name': 'תַּֽעֲשֶׂה־חֶ֔סֶד'}]}]}, {'name': 'ETNACHTA', 'children': [{'name': 'TIPCHA', 'children': [{'name': 'וְהָי֖וּ'}]}, {'name': 'ETNACHTA', 'children': [{'name': 'בְּאֹכְלֵ֣י'}, {'name': 'שֻׁלְחָנֶ֑ךָ'}]}]}]}, {'name': 'SILLUQ', 'children': [{'name': 'ZAKEF_KATON', 'children': [{'name': 'PASHTA', 'children': [{'name': 'כִּי־כֵן֙'}]}, {'name': 'ZAKEF_KATON', 'children': [{'name': 'קָרְב֣וּ'}, {'name': 'אֵלַ֔י'}]}]}, {'name': 'SILLUQ', 'children': [{'name': 'ZAKEF_GADOL', 'children': [{'name': 'בְּבָרְחִ֕י'}]}, {'name': 'SILLUQ', 'children': [{'name': 'TIPCHA', 'children': [{'name': 'מִפְּנֵ֖י'}]}, {'name': 'SILLUQ', 'children': [{'name': 'אַבְשָׁל֥וֹם'}, {'name': 'אָחִֽיךָ׃'}]}]}]}]}]}"
8,I Kings 2:8,"{'name': 'PASUK', 'children': [{'name': 'ETNACHTA', 'children': [{'name': 'SEGOLTA', 'children': [{'name': 'ZARQA', 'children': [{'name': 'TELISHA_GEDOLA', 'children': [{'name': 'וְהִנֵּ֣ה'}, {'name': 'עִ֠מְּךָ'}]}, {'name': 'ZARQA', 'children': [{'name': 'שִֽׁמְעִ֨י'}, {'name': 'בֶן־גֵּרָ֥א'}, {'name': 'בֶן־הַיְמִינִי֮'}]}]}, {'name': 'SEGOLTA', 'children': [{'name': 'מִבַּחֻרִים֒'}]}]}, {'name': 'ETNACHTA', 'children': [{'name': 'ZAKEF_KATON', 'children': [{'name': 'PASHTA', 'children': [{'name': 'וְה֤וּא'}, {'name': 'קִֽלְלַ֙נִי֙'}]}, {'name': 'ZAKEF_KATON', 'children': [{'name': 'קְלָלָ֣ה'}, {'name': 'נִמְרֶ֔צֶת'}]}]}, {'name': 'ETNACHTA', 'children': [{'name': 'TIPCHA', 'children': [{'name': 'בְּי֖וֹם'}]}, {'name': 'ETNACHTA', 'children': [{'name': 'לֶכְתִּ֣י'}, {'name': 'מַחֲנָ֑יִם'}]}]}]}]}, {'name': 'SILLUQ', 'children': [{'name': 'ZAKEF_KATON', 'children': [{'name': 'PASHTA', 'children': [{'name': 'וְהֽוּא־יָרַ֤ד'}, {'name': 'לִקְרָאתִי֙'}]}, {'name': 'ZAKEF_KATON', 'children': [{'name': 'הַיַּרְדֵּ֔ן'}]}]}, {'name': 'SILLUQ', 'children': [{'name': 'ZAKEF_KATON', 'children': [{'name': 'PASHTA', 'children': [{'name': 'וָאֶשָּׁ֨בַֽע'}, {'name': 'ל֤וֹ'}, {'name': 'בַֽיהוָה֙'}]}, {'name': 'ZAKEF_KATON', 'children': [{'name': 'לֵאמֹ֔ר'}]}]}, {'name': 'SILLUQ', 'children': [{'name': 'TIPCHA', 'children': [{'name': 'אִם־אֲמִֽיתְךָ֖'}]}, {'name': 'SILLUQ', 'children': [{'name': 'בֶּחָֽרֶב׃'}]}]}]}]}]}"
9,I Kings 2:9,"{'name': 'PASUK', 'children': [{'name': 'ETNACHTA', 'children': [{'name': 'ZAKEF_KATON', 'children': [{'name': 'PASHTA', 'children': [{'name': 'וְעַתָּה֙'}]}, {'name': 'ZAKEF_KATON', 'children': [{'name': 'אַל־תְּנַקֵּ֔הוּ'}]}]}, {'name': 'ETNACHTA', 'children': [{'name': 'TIPCHA', 'children': [{'name': 'TEVIR', 'children': [{'name': 'כִּ֛י'}]}, {'name': 'TIPCHA', 'children': [{'name': 'אִ֥ישׁ'}, {'name': 'חָכָ֖ם'}]}]}, {'name': 'ETNACHTA', 'children': [{'name': 'אָ֑תָּה'}]}]}]}, {'name': 'SILLUQ', 'children': [{'name': 'ZAKEF_KATON', 'children': [{'name': 'PASHTA', 'children': [{'name': 'וְיָֽדַעְתָּ֙'}]}, {'name': 'ZAKEF_KATON', 'children': [{'name': 'אֵ֣ת'}, {'name': 'אֲשֶׁ֣ר'}]}]}, {'name': 'SILLUQ', 'children': [{'name': 'TIPCHA', 'children': [{'name': 'TEVIR', 'children': [{'name': 'וְהוֹרַדְתָּ֧'}, {'name': 'אֶת־שֵׂיבָת֛וֹ'}]}, {'name': 'TIPCHA', 'children': [{'name': 'בְּדָ֖ם'}]}]}, {'name': 'SILLUQ', 'children': [{'name': 'שְׁאֽוֹל׃'}]}]}]}]}"
10,I Kings 2:10,"{'name': 'PASUK', 'children': [{'name': 'ETNACHTA', 'children': [{'name': 'TIPCHA', 'children': [{'name': 'וַיִּשְׁכַּ֥ב'}, {'name': 'דָּוִ֖ד'}]}, {'name': 'ETNACHTA', 'children': [{'name': 'עִם־אֲבֹתָ֑יו'}]}]}, {'name': 'SILLUQ', 'children': [{'name': 'TIPCHA', 'children': [{'name': 'וַיִּקָּבֵ֖ר'}]}, {'name': 'SILLUQ', 'children': [{'name': 'בְּעִ֥יר'}, {'name': 'דָּוִֽד׃'}]}]}]}"
11,I Kings 2:11,"{'name': 'PASUK', 'children': [{'name': 'ETNACHTA', 'children': [{'name': 'ZAKEF_KATON', 'children': [{'name': 'REVIA', 'children': [{'name': 'וְהַיָּמִ֗ים'}]}, {'name': 'ZAKEF_KATON', 'children': [{'name': 'PASHTA', 'children': [{'name': 'אֲשֶׁ֨ר'}, {'name': 'מָלַ֤ךְ'}, {'name': 'דָּוִד֙'}]}, {'name': 'ZAKEF_KATON', 'children': [{'name': 'עַל־יִשְׂרָאֵ֔ל'}]}]}]}, {'name': 'ETNACHTA', 'children': [{'name': 'TIPCHA', 'children': [{'name': 'אַרְבָּעִ֖ים'}]}, {'name': 'ETNACHTA', 'children': [{'name': 'שָׁנָ֑ה'}]}]}]}, {'name': 'SILLUQ', 'children': [{'name': 'ZAKEF_KATON', 'children': [{'name': 'PASHTA', 'children': [{'name': 'בְּחֶבְר֤וֹן'}, {'name': 'מָלַךְ֙'}]}, {'name': 'ZAKEF_KATON', 'children': [{'name': 'שֶׁ֣בַע'}, {'name': 'שָׁנִ֔ים'}]}]}, {'name': 'SILLUQ', 'children': [{'name': 'ZAKEF_KATON', 'children': [{'name': 'וּבִירוּשָׁלִַ֣ם'}, {'name': 'מָלַ֔ךְ'}]}, {'name': 'SILLUQ', 'children': [{'name': 'TIPCHA', 'children': [{'name': 'שְׁלֹשִׁ֥ים'}, {'name': 'וְשָׁלֹ֖שׁ'}]}, {'name': 'SILLUQ', 'children': [{'name': 'שָׁנִֽים׃'}]}]}]}]}]}"
12,I Kings 2:12,"{'name': 'PASUK', 'children': [{'name': 'ETNACHTA', 'children': [{'name': 'ZAKEF_GADOL', 'children': [{'name': 'וּשְׁלֹמֹ֕ה'}]}, {'name': 'ETNACHTA', 'children': [{'name': 'ZAKEF_GADOL', 'children': [{'name': 'יָשַׁ֕ב'}]}, {'name': 'ETNACHTA', 'children': [{'name': 'TIPCHA', 'children': [{'name': 'עַל־כִּסֵּ֖א'}]}, {'name': 'ETNACHTA', 'children': [{'name': 'דָּוִ֣ד'}, {'name': 'אָבִ֑יו'}]}]}]}]}, {'name': 'SILLUQ', 'children': [{'name': 'TIPCHA', 'children': [{'name': 'וַתִּכֹּ֥ן'}, {'name': 'מַלְכֻת֖וֹ'}]}, {'name': 'SILLUQ', 'children': [{'name': 'מְאֹֽד׃'}]}]}]}"
13,I Kings 2:13,"{'name': 'PASUK', 'children': [{'name': 'ETNACHTA', 'children': [{'name': 'ZAKEF_KATON', 'children': [{'name': 'REVIA', 'children': [{'name': 'GERSHAYIM', 'children': [{'name': 'וַיָּבֹ֞א'}]}, {'name': 'REVIA', 'children': [{'name': 'אֲדֹנִיָּ֣הוּ'}, {'name': 'בֶן־חַגֵּ֗ית'}]}]}, {'name': 'ZAKEF_KATON', 'children': [{'name': 'PASHTA', 'children': [{'name': 'אֶל־בַּת־שֶׁ֙בַע֙'}]}, {'name': 'ZAKEF_KATON', 'children': [{'name': 'אֵם־שְׁלֹמֹ֔ה'}]}]}]}, {'name': 'ETNACHTA', 'children': [{'name': 'TIPCHA', 'children': [{'name': 'וַתֹּ֖אמֶר'}]}, {'name': 'ETNACHTA', 'children': [{'name': 'הֲשָׁל֣וֹם'}, {'name': 'בֹּאֶ֑ךָ'}]}]}]}, {'name': 'SILLUQ', 'children': [{'name': 'TIPCHA', 'children': [{'name': 'וַיֹּ֖אמֶר'}]}, {'name': 'SILLUQ', 'children': [{'name': 'שָׁלֽוֹם׃'}]}]}]}"
14,I Kings 2:14,"{'name': 'PASUK', 'children': [{'name': 'ETNACHTA', 'children': [{'name': 'ZAKEF_GADOL', 'children': [{'name': 'וַיֹּ֕אמֶר'}]}, {'name': 'ETNACHTA', 'children': [{'name': 'TIPCHA', 'children': [{'name': 'דָּבָ֥ר'}, {'name': 'לִ֖י'}]}, {'name': 'ETNACHTA', 'children': [{'name': 'אֵלָ֑יִךְ'}]}]}]}, {'name': 'SILLUQ', 'children': [{'name': 'TIPCHA', 'children': [{'name': 'וַתֹּ֖אמֶר'}]}, {'name': 'SILLUQ', 'children': [{'name': 'דַּבֵּֽר׃'}]}]}]}"
15,I Kings 2:15,"{'name': 'PASUK', 'children': [{'name': 'ETNACHTA', 'children': [{'name': 'ZAKEF_KATON', 'children': [{'name': 'REVIA', 'children': [{'name': 'וַיֹּ֗אמֶר'}]}, {'name': 'ZAKEF_KATON', 'children': [{'name': 'PASHTA', 'children': [{'name': 'אַ֤תְּ'}, {'name': 'יָדַ֙עַתְּ֙'}]}, {'name': 'ZAKEF_KATON', 'children': [{'name': 'PASHTA', 'children': [{'name': 'כִּי־לִי֙'}]}, {'name': 'ZAKEF_KATON', 'children': [{'name': 'הָיְתָ֣ה'}, {'name': 'הַמְּלוּכָ֔ה'}]}]}]}]}, {'name': 'ETNACHTA', 'children': [{'name': 'TIPCHA', 'children': [{'name': 'TEVIR', 'children': [{'name': 'GERSHAYIM', 'children': [{'name': 'וְעָלַ֞י'}]}, {'name': 'TEVIR', 'children': [{'name': 'שָׂ֧מוּ'}, {'name': 'כָֽל־יִשְׂרָאֵ֛ל'}]}]}, {'name': 'TIPCHA', 'children': [{'name': 'פְּנֵיהֶ֖ם'}]}]}, {'name': 'ETNACHTA', 'children': [{'name': 'לִמְלֹ֑ךְ'}]}]}]}, {'name': 'SILLUQ', 'children': [{'name': 'ZAKEF_KATON', 'children': [{'name': 'PASHTA', 'children': [{'name': 'וַתִּסֹּ֤ב'}, {'name': 'הַמְּלוּכָה֙'}]}, {'name': 'ZAKEF_KATON', 'children': [{'name': 'וַתְּהִ֣י'}, {'name': 'לְאָחִ֔י'}]}]}, {'name': 'SILLUQ', 'children': [{'name': 'TIPCHA', 'children': [{'name': 'כִּ֥י'}, {'name': 'מֵיְהוָ֖ה'}]}, {'name': 'SILLUQ', 'children': [{'name': 'הָ֥יְתָה'}, {'name': 'לּֽוֹ׃'}]}]}]}]}"
16,I Kings 2:16,"{'name': 'PASUK', 'children': [{'name': 'ETNACHTA', 'children': [{'name': 'ZAKEF_KATON', 'children': [{'name': 'REVIA', 'children': [{'name': 'וְעַתָּ֗ה'}]}, {'name': 'ZAKEF_KATON', 'children': [{'name': 'PASHTA', 'children': [{'name': 'שְׁאֵלָ֤ה'}, {'name': 'אַחַת֙'}]}, {'name': 'ZAKEF_KATON', 'children': [{'name': 'PASHTA', 'children': [{'name': 'אָֽנֹכִי֙'}]}, {'name': 'ZAKEF_KATON', 'children': [{'name': 'שֹׁאֵ֣ל'}, {'name': 'מֵֽאִתָּ֔ךְ'}]}]}]}]}, {'name': 'ETNACHTA', 'children': [{'name': 'TIPCHA', 'children': [{'name': 'אַל־תָּשִׁ֖בִי'}]}, {'name': 'ETNACHTA', 'children': [{'name': 'אֶת־פָּנָ֑י'}]}]}]}, {'name': 'SILLUQ', 'children': [{'name': 'TIPCHA', 'children': [{'name': 'וַתֹּ֥אמֶר'}, {'name': 'אֵלָ֖יו'}]}, {'name': 'SILLUQ', 'children': [{'name': 'דַּבֵּֽר׃'}]}]}]}"
17,I Kings 2:17,"{'name': 'PASUK', 'children': [{'name': 'ETNACHTA', 'children': [{'name': 'ZAKEF_KATON', 'children': [{'name': 'REVIA', 'children': [{'name': 'וַיֹּ֗אמֶר'}]}, {'name': 'ZAKEF_KATON', 'children': [{'name': 'PASHTA', 'children': [{'name': 'אִמְרִי־נָא֙'}]}, {'name': 'ZAKEF_KATON', 'children': [{'name': 'לִשְׁלֹמֹ֣ה'}, {'name': 'הַמֶּ֔לֶךְ'}]}]}]}, {'name': 'ETNACHTA', 'children': [{'name': 'TIPCHA', 'children': [{'name': 'כִּ֥י'}, {'name': 'לֹֽא־יָשִׁ֖יב'}]}, {'name': 'ETNACHTA', 'children': [{'name': 'אֶת־פָּנָ֑יִךְ'}]}]}]}, {'name': 'SILLUQ', 'children': [{'name': 'TIPCHA', 'children': [{'name': 'TEVIR', 'children': [{'name': 'וְיִתֶּן־לִ֛י'}]}, {'name': 'TIPCHA', 'children': [{'name': 'אֶת־אֲבִישַׁ֥ג'}, {'name': 'הַשּׁוּנַמִּ֖ית'}]}]}, {'name': 'SILLUQ', 'children': [{'name': 'לְאִשָּֽׁה׃'}]}]}]}"
18,I Kings 2:18,"{'name': 'PASUK', 'children': [{'name': 'ETNACHTA', 'children': [{'name': 'TIPCHA', 'children': [{'name': 'וַתֹּ֥אמֶר'}, {'name': 'בַּת־שֶׁ֖בַע'}]}, {'name': 'ETNACHTA', 'children': [{'name': 'ט֑וֹב'}]}]}, {'name': 'SILLUQ', 'children': [{'name': 'ZAKEF_GADOL', 'children': [{'name': 'אָנֹכִ֕י'}]}, {'name': 'SILLUQ', 'children': [{'name': 'TIPCHA', 'children': [{'name': 'אֲדַבֵּ֥ר'}, {'name': 'עָלֶ֖יךָ'}]}, {'name': 'SILLUQ', 'children': [{'name': 'אֶל־הַמֶּֽלֶךְ׃'}]}]}]}]}"
19,I Kings 2:19,"{'name': 'PASUK', 'children': [{'name': 'ETNACHTA', 'children': [{'name': 'ZAKEF_KATON', 'children': [{'name': 'PASHTA', 'children': [{'name': 'וַתָּבֹ֤א'}, {'name': 'בַת־שֶׁ֙בַע֙'}]}, {'name': 'ZAKEF_KATON', 'children': [{'name': 'אֶל־הַמֶּ֣לֶךְ'}, {'name': 'שְׁלֹמֹ֔ה'}]}]}, {'name': 'ETNACHTA', 'children': [{'name': 'TIPCHA', 'children': [{'name': 'לְדַבֶּר־ל֖וֹ'}]}, {'name': 'ETNACHTA', 'children': [{'name': 'עַל־אֲדֹנִיָּ֑הוּ'}]}]}]}, {'name': 'SILLUQ', 'children': [{'name': 'ZAKEF_KATON', 'children': [{'name': 'REVIA', 'children': [{'name': 'GERESH', 'children': [{'name': 'וַיָּקָם֩'}, {'name': 'הַמֶּ֨לֶךְ'}, {'name': 'לִקְרָאתָ֜הּ'}]}, {'name': 'REVIA', 'children': [{'name': 'וַיִּשְׁתַּ֣חוּ'}, {'name': 'לָ֗הּ'}]}]}, {'name': 'ZAKEF_KATON', 'children': [{'name': 'PASHTA', 'children': [{'name': 'וַיֵּ֙שֶׁב֙'}]}, {'name': 'ZAKEF_KATON', 'children': [{'name': 'עַל־כִּסְא֔וֹ'}]}]}]}, {'name': 'SILLUQ', 'children': [{'name': 'ZAKEF_KATON', 'children': [{'name': 'PASHTA', 'children': [{'name': 'וַיָּ֤שֶׂם'}, {'name': 'כִּסֵּא֙'}]}, {'name': 'ZAKEF_KATON', 'children': [{'name': 'לְאֵ֣ם'}, {'name': 'הַמֶּ֔לֶךְ'}]}]}, {'name': 'SILLUQ', 'children': [{'name': 'TIPCHA', 'children': [{'name': 'וַתֵּ֖שֶׁב'}]}, {'name': 'SILLUQ', 'children': [{'name': 'לִֽימִינֽוֹ׃'}]}]}]}]}]}"
20,I Kings 2:20,"{'name': 'PASUK', 'children': [{'name': 'ETNACHTA', 'children': [{'name': 'ZAKEF_KATON', 'children': [{'name': 'REVIA', 'children': [{'name': 'וַתֹּ֗אמֶר'}]}, {'name': 'ZAKEF_KATON', 'children': [{'name': 'PASHTA', 'children': [{'name': 'שְׁאֵלָ֨ה'}, {'name': 'אַחַ֤ת'}, {'name': 'קְטַנָּה֙'}]}, {'name': 'ZAKEF_KATON', 'children': [{'name': 'PASHTA', 'children': [{'name': 'אָֽנֹכִי֙'}]}, {'name': 'ZAKEF_KATON', 'children': [{'name': 'שֹׁאֶ֣לֶת'}, {'name': 'מֵֽאִתָּ֔ךְ'}]}]}]}]}, {'name': 'ETNACHTA', 'children': [{'name': 'TIPCHA', 'children': [{'name': 'אַל־תָּ֖שֶׁב'}]}, {'name': 'ETNACHTA', 'children': [{'name': 'אֶת־פָּנָ֑י'}]}]}]}, {'name': 'SILLUQ', 'children': [{'name': 'ZAKEF_KATON', 'children': [{'name': 'PASHTA', 'children': [{'name': 'וַיֹּֽאמֶר־לָ֤הּ'}, {'name': 'הַמֶּ֙לֶךְ֙'}]}, {'name': 'ZAKEF_KATON', 'children': [{'name': 'שַׁאֲלִ֣י'}, {'name': 'אִמִּ֔י'}]}]}, {'name': 'SILLUQ', 'children': [{'name': 'TIPCHA', 'children': [{'name': 'כִּ֥י'}, {'name': 'לֹֽא־אָשִׁ֖יב'}]}, {'name': 'SILLUQ', 'children': [{'name': 'אֶת־פָּנָֽיִךְ׃'}]}]}]}]}"
21,I Kings 2:21,"{'name': 'PASUK', 'children': [{'name': 'ETNACHTA', 'children': [{'name': 'ZAKEF_GADOL', 'children': [{'name': 'וַתֹּ֕אמֶר'}]}, {'name': 'ETNACHTA', 'children': [{'name': 'TIPCHA', 'children': [{'name': 'יֻתַּ֖ן'}]}, {'name': 'ETNACHTA', 'children': [{'name': 'אֶת־אֲבִישַׁ֣ג'}, {'name': 'הַשֻּׁנַמִּ֑ית'}]}]}]}, {'name': 'SILLUQ', 'children': [{'name': 'TIPCHA', 'children': [{'name': 'לַאֲדֹנִיָּ֥הוּ'}, {'name': 'אָחִ֖יךָ'}]}, {'name': 'SILLUQ', 'children': [{'name': 'לְאִשָּֽׁה׃'}]}]}]}"
22,I Kings 2:22,"{'name': 'PASUK', 'children': [{'name': 'ETNACHTA', 'children': [{'name': 'ZAKEF_KATON', 'children': [{'name': 'REVIA', 'children': [{'name': 'GERESH', 'children': [{'name': 'וַיַּעַן֩'}, {'name': 'הַמֶּ֨לֶךְ'}, {'name': 'שְׁלֹמֹ֜ה'}]}, {'name': 'REVIA', 'children': [{'name': 'וַיֹּ֣אמֶר'}, {'name': 'לְאִמּ֗וֹ'}]}]}, {'name': 'ZAKEF_KATON', 'children': [{'name': 'PASHTA', 'children': [{'name': 'GERESH', 'children': [{'name': 'וְלָמָה֩'}, {'name': 'אַ֨תְּ'}, {'name': 'שֹׁאֶ֜לֶת'}]}, {'name': 'PASHTA', 'children': [{'name': 'אֶת־אֲבִישַׁ֤ג'}, {'name': 'הַשֻּׁנַמִּית֙'}]}]}, {'name': 'ZAKEF_KATON', 'children': [{'name': 'לַאֲדֹ֣נִיָּ'}, {'name': '֔הוּ'}]}]}]}, {'name': 'ETNACHTA', 'children': [{'name': 'ZAKEF_KATON', 'children': [{'name': 'PASHTA', 'children': [{'name': 'וְשַֽׁאֲלִי־לוֹ֙'}]}, {'name': 'ZAKEF_KATON', 'children': [{'name': 'אֶת־הַמְּלוּכָ֔ה'}]}]}, {'name': 'ETNACHTA', 'children': [{'name': 'TIPCHA', 'children': [{'name': 'TEVIR', 'children': [{'name': 'כִּ֛י'}]}, {'name': 'TIPCHA', 'children': [{'name': 'ה֥וּא'}, {'name': 'אָחִ֖י'}]}]}, {'name': 'ETNACHTA', 'children': [{'name': 'הַגָּד֣וֹל'}, {'name': 'מִמֶּ֑נִּי'}]}]}]}]}, {'name': 'SILLUQ', 'children': [{'name': 'ZAKEF_KATON', 'children': [{'name': 'PASHTA', 'children': [{'name': 'וְלוֹ֙'}]}, {'name': 'ZAKEF_KATON', 'children': [{'name': 'וּלְאֶבְיָתָ֣ר'}, {'name': 'הַכֹּהֵ֔ן'}]}]}, {'name': 'SILLUQ', 'children': [{'name': 'TIPCHA', 'children': [{'name': 'וּלְיוֹאָ֖ב'}]}, {'name': 'SILLUQ', 'children': [{'name': 'בֶּן־צְרוּיָֽה׃'}]}]}]}]}"
23,I Kings 2:23,"{'name': 'PASUK', 'children': [{'name': 'ETNACHTA', 'children': [{'name': 'ZAKEF_KATON', 'children': [{'name': 'PASHTA', 'children': [{'name': 'וַיִּשָּׁבַע֙'}]}, {'name': 'ZAKEF_KATON', 'children': [{'name': 'הַמֶּ֣לֶךְ'}, {'name': 'שְׁלֹמֹ֔ה'}]}]}, {'name': 'ETNACHTA', 'children': [{'name': 'TIPCHA', 'children': [{'name': 'בַּֽיהוָ֖ה'}]}, {'name': 'ETNACHTA', 'children': [{'name': 'לֵאמֹ֑ר'}]}]}]}, {'name': 'SILLUQ', 'children': [{'name': 'ZAKEF_KATON', 'children': [{'name': 'PASHTA', 'children': [{'name': 'כֹּ֣ה'}, {'name': 'יַֽעֲשֶׂה־לִּ֤י'}, {'name': 'אֱלֹהִים֙'}]}, {'name': 'ZAKEF_KATON', 'children': [{'name': 'וְכֹ֣ה'}, {'name': 'יוֹסִ֔יף'}]}]}, {'name': 'SILLUQ', 'children': [{'name': 'ZAKEF_KATON', 'children': [{'name': 'כִּ֣י'}, {'name': 'בְנַפְשׁ֔וֹ'}]}, {'name': 'SILLUQ', 'children': [{'name': 'ZAKEF_KATON', 'children': [{'name': 'PASHTA', 'children': [{'name': 'דִּבֶּר֙'}]}, {'name': 'ZAKEF_KATON', 'children': [{'name': 'אֲדֹ֣נִיָּ'}, {'name': '֔הוּ'}]}]}, {'name': 'SILLUQ', 'children': [{'name': 'TIPCHA', 'children': [{'name': 'אֶת־הַדָּבָ֖ר'}]}, {'name': 'SILLUQ', 'children': [{'name': 'הַזֶּֽה׃'}]}]}]}]}]}]}"
24,I Kings 2:24,"{'name': 'PASUK', 'children': [{'name': 'ETNACHTA', 'children': [{'name': 'ZAKEF_KATON', 'children': [{'name': 'REVIA', 'children': [{'name': 'וְעַתָּ֗ה'}]}, {'name': 'ZAKEF_KATON', 'children': [{'name': 'PASHTA', 'children': [{'name': 'חַי־יְהוָה֙'}]}, {'name': 'ZAKEF_KATON', 'children': [{'name': 'REVIA', 'children': [{'name': 'אֲשֶׁ֣ר'}, {'name': 'הֱכִינַ֗נִי'}]}, {'name': 'ZAKEF_KATON', 'children': [{'name': 'PASHTA', 'children': [{'name': 'וַיּֽוֹשִׁיבַ֙נִי֙'}]}, {'name': 'ZAKEF_KATON', 'children': [{'name': 'PASHTA', 'children': [{'name': 'עַל־כִּסֵּא֙'}]}, {'name': 'ZAKEF_KATON', 'children': [{'name': 'דָּוִ֣ד'}, {'name': 'אָבִ֔י'}]}]}]}]}]}]}, {'name': 'ETNACHTA', 'children': [{'name': 'TIPCHA', 'children': [{'name': 'TEVIR', 'children': [{'name': 'וַאֲשֶׁ֧ר'}, {'name': 'עָֽשָׂה־לִ֛י'}]}, {'name': 'TIPCHA', 'children': [{'name': 'בַּ֖יִת'}]}]}, {'name': 'ETNACHTA', 'children': [{'name': 'כַּאֲשֶׁ֣ר'}, {'name': 'דִּבֵּ֑ר'}]}]}]}, {'name': 'SILLUQ', 'children': [{'name': 'ZAKEF_KATON', 'children': [{'name': 'כִּ֣י'}, {'name': 'הַיּ֔וֹם'}]}, {'name': 'SILLUQ', 'children': [{'name': 'TIPCHA', 'children': [{'name': 'יוּמַ֖ת'}]}, {'name': 'SILLUQ', 'children': [{'name': 'אֲדֹנִיָּֽהוּ׃'}]}]}]}]}"
25,I Kings 2:25,"{'name': 'PASUK', 'children': [{'name': 'ETNACHTA', 'children': [{'name': 'ZAKEF_KATON', 'children': [{'name': 'PASHTA', 'children': [{'name': 'וַיִּשְׁלַח֙'}]}, {'name': 'ZAKEF_KATON', 'children': [{'name': 'הַמֶּ֣לֶךְ'}, {'name': 'שְׁלֹמֹ֔ה'}]}]}, {'name': 'ETNACHTA', 'children': [{'name': 'TIPCHA', 'children': [{'name': 'בְּיַ֖ד'}]}, {'name': 'ETNACHTA', 'children': [{'name': 'בְּנָיָ֣הוּ'}, {'name': 'בֶן־יְהוֹיָדָ֑ע'}]}]}]}, {'name': 'SILLUQ', 'children': [{'name': 'TIPCHA', 'children': [{'name': 'וַיִּפְגַּע־בּ֖וֹ'}]}, {'name': 'SILLUQ', 'children': [{'name': 'וַיָּמֹֽת׃'}]}]}]}"
26,I Kings 2:26,"{'name': 'PASUK', 'children': [{'name': 'ETNACHTA', 'children': [{'name': 'ZAKEF_KATON', 'children': [{'name': 'REVIA', 'children': [{'name': 'GERESH', 'children': [{'name': 'וּלְאֶבְיָתָ֨ר'}, {'name': 'הַכֹּהֵ֜ן'}]}, {'name': 'REVIA', 'children': [{'name': 'אָמַ֣ר'}, {'name': 'הַמֶּ֗לֶךְ'}]}]}, {'name': 'ZAKEF_KATON', 'children': [{'name': 'PASHTA', 'children': [{'name': 'עֲנָתֹת֙'}]}, {'name': 'ZAKEF_KATON', 'children': [{'name': 'לֵ֣ךְ'}, {'name': 'עַל־שָׂדֶ֔יךָ'}]}]}]}, {'name': 'ETNACHTA', 'children': [{'name': 'TIPCHA', 'children': [{'name': 'TEVIR', 'children': [{'name': 'כִּ֛י'}]}, {'name': 'TIPCHA', 'children': [{'name': 'אִ֥ישׁ'}, {'name': 'מָ֖וֶת'}]}]}, {'name': 'ETNACHTA', 'children': [{'name': 'אָ֑תָּה'}]}]}]}, {'name': 'SILLUQ', 'children': [{'name': 'ZAKEF_KATON', 'children': [{'name': 'REVIA', 'children': [{'name': 'GERESH', 'children': [{'name': 'וּבַיּ֨וֹם'}, {'name': 'הַזֶּ֜ה'}]}, {'name': 'REVIA', 'children': [{'name': 'לֹ֣א'}, {'name': 'אֲמִיתֶ֗ךָ'}]}]}, {'name': 'ZAKEF_KATON', 'children': [{'name': 'PASHTA', 'children': [{'name': 'GERESH', 'children': [{'name': 'כִּֽי־נָשָׂ֜אתָ'}]}, {'name': 'PASHTA', 'children': [{'name': 'אֶת־אֲר֨וֹן'}, {'name': 'אֲדֹנָ֤י'}, {'name': 'יְהֹוִה֙'}]}]}, {'name': 'ZAKEF_KATON', 'children': [{'name': 'PASHTA', 'children': [{'name': 'לִפְנֵי֙'}]}, {'name': 'ZAKEF_KATON', 'children': [{'name': 'דָּוִ֣ד'}, {'name': 'אָבִ֔י'}]}]}]}]}, {'name': 'SILLUQ', 'children': [{'name': 'ZAKEF_KATON', 'children': [{'name': 'וְכִ֣י'}, {'name': 'הִתְעַנִּ֔יתָ'}]}, {'name': 'SILLUQ', 'children': [{'name': 'TIPCHA', 'children': [{'name': 'בְּכֹ֥ל'}, {'name': 'אֲשֶֽׁר־הִתְעַנָּ֖ה'}]}, {'name': 'SILLUQ', 'children': [{'name': 'אָבִֽי׃'}]}]}]}]}]}"
27,I Kings 2:27,"{'name': 'PASUK', 'children': [{'name': 'ETNACHTA', 'children': [{'name': 'ZAKEF_KATON', 'children': [{'name': 'PASHTA', 'children': [{'name': 'וַיְגָ֤רֶשׁ'}, {'name': 'שְׁלֹמֹה֙'}]}, {'name': 'ZAKEF_KATON', 'children': [{'name': 'אֶת־אֶבְיָתָ֔ר'}]}]}, {'name': 'ETNACHTA', 'children': [{'name': 'TIPCHA', 'children': [{'name': 'מִהְי֥וֹת'}, {'name': 'כֹּהֵ֖ן'}]}, {'name': 'ETNACHTA', 'children': [{'name': 'לַֽיהוָ֑ה'}]}]}]}, {'name': 'SILLUQ', 'children': [{'name': 'ZAKEF_KATON', 'children': [{'name': 'PASHTA', 'children': [{'name': 'לְמַלֵּא֙'}]}, {'name': 'ZAKEF_KATON', 'children': [{'name': 'אֶת־דְּבַ֣ר'}, {'name': 'יְהוָ֔ה'}]}]}, {'name': 'SILLUQ', 'children': [{'name': 'TIPCHA', 'children': [{'name': 'TEVIR', 'children': [{'name': 'אֲשֶׁ֥ר'}, {'name': 'דִּבֶּ֛ר'}]}, {'name': 'TIPCHA', 'children': [{'name': 'עַל־בֵּ֥ית'}, {'name': 'עֵלִ֖י'}]}]}, {'name': 'SILLUQ', 'children': [{'name': 'בְּשִׁלֹֽה׃'}]}]}]}]}"
28,I Kings 2:28,"{'name': 'PASUK', 'children': [{'name': 'ETNACHTA', 'children': [{'name': 'ZAKEF_KATON', 'children': [{'name': 'PASHTA', 'children': [{'name': 'וְהַשְּׁמֻעָה֙'}]}, {'name': 'ZAKEF_KATON', 'children': [{'name': 'בָּ֣אָה'}, {'name': 'עַד־יוֹאָ֔ב'}]}]}, {'name': 'ETNACHTA', 'children': [{'name': 'ZAKEF_KATON', 'children': [{'name': 'REVIA', 'children': [{'name': 'כִּ֣י'}, {'name': 'יוֹאָ֗ב'}]}, {'name': 'ZAKEF_KATON', 'children': [{'name': 'PASHTA', 'children': [{'name': 'נָטָה֙'}]}, {'name': 'ZAKEF_KATON', 'children': [{'name': 'אַחֲרֵ֣י'}, {'name': 'אֲדֹנִיָּ֔ה'}]}]}]}, {'name': 'ETNACHTA', 'children': [{'name': 'TIPCHA', 'children': [{'name': 'וְאַחֲרֵ֥י'}, {'name': 'אַבְשָׁל֖וֹם'}]}, {'name': 'ETNACHTA', 'children': [{'name': 'לֹ֣א'}, {'name': 'נָטָ֑ה'}]}]}]}]}, {'name': 'SILLUQ', 'children': [{'name': 'ZAKEF_KATON', 'children': [{'name': 'PASHTA', 'children': [{'name': 'וַיָּ֤נָס'}, {'name': 'יוֹאָב֙'}]}, {'name': 'ZAKEF_KATON', 'children': [{'name': 'אֶל־אֹ֣הֶל'}, {'name': 'יְהוָ֔ה'}]}]}, {'name': 'SILLUQ', 'children': [{'name': 'TIPCHA', 'children': [{'name': 'וַֽיַּחֲזֵ֖ק'}]}, {'name': 'SILLUQ', 'children': [{'name': 'בְּקַרְנ֥וֹת'}, {'name': 'הַמִּזְבֵּֽחַ׃'}]}]}]}]}"
29,I Kings 2:29,"{'name': 'PASUK', 'children': [{'name': 'ETNACHTA', 'children': [{'name': 'ZAKEF_KATON', 'children': [{'name': 'REVIA', 'children': [{'name': 'GERSHAYIM', 'children': [{'name': 'וַיֻּגַּ֞ד'}]}, {'name': 'REVIA', 'children': [{'name': 'לַמֶּ֣לֶךְ'}, {'name': 'שְׁלֹמֹ֗ה'}]}]}, {'name': 'ZAKEF_KATON', 'children': [{'name': 'PASHTA', 'children': [{'name': 'כִּ֣י'}, {'name': 'נָ֤ס'}, {'name': 'יוֹאָב֙'}]}, {'name': 'ZAKEF_KATON', 'children': [{'name': 'אֶל־אֹ֣הֶל'}, {'name': 'יְהוָ֔ה'}]}]}]}, {'name': 'ETNACHTA', 'children': [{'name': 'TIPCHA', 'children': [{'name': 'וְהִנֵּ֖ה'}]}, {'name': 'ETNACHTA', 'children': [{'name': 'אֵ֣צֶל'}, {'name': 'הַמִּזְבֵּ֑חַ'}]}]}]}, {'name': 'SILLUQ', 'children': [{'name': 'TIPCHA', 'children': [{'name': 'TEVIR', 'children': [{'name': 'GERESH', 'children': [{'name': 'וַיִּשְׁלַ֨ח'}, {'name': 'שְׁלֹמֹ֜ה'}]}, {'name': 'TEVIR', 'children': [{'name': 'אֶת־בְּנָיָ֧הוּ'}, {'name': 'בֶן־יְהוֹיָדָ֛ע'}]}]}, {'name': 'TIPCHA', 'children': [{'name': 'לֵאמֹ֖ר'}]}]}, {'name': 'SILLUQ', 'children': [{'name': 'לֵ֥ךְ'}, {'name': 'פְּגַע־בּֽוֹ׃'}]}]}]}"
30,I Kings 2:30,"{'name': 'PASUK', 'children': [{'name': 'ETNACHTA', 'children': [{'name': 'ZAKEF_KATON', 'children': [{'name': 'REVIA', 'children': [{'name': 'GERESH', 'children': [{'name': 'וַיָּבֹ֨א'}, {'name': 'בְנָיָ֜הוּ'}]}, {'name': 'REVIA', 'children': [{'name': 'אֶל־אֹ֣הֶל'}, {'name': 'יְהוָ֗ה'}]}]}, {'name': 'ZAKEF_KATON', 'children': [{'name': 'PASHTA', 'children': [{'name': 'GERESH', 'children': [{'name': 'וַיֹּ֨אמֶר'}, {'name': 'אֵלָ֜יו'}]}, {'name': 'PASHTA', 'children': [{'name': 'כֹּֽה־אָמַ֤ר'}, {'name': 'הַמֶּ֙לֶךְ֙'}]}]}, {'name': 'ZAKEF_KATON', 'children': [{'name': 'צֵ֔א'}]}]}]}, {'name': 'ETNACHTA', 'children': [{'name': 'TIPCHA', 'children': [{'name': 'וַיֹּ֥אמֶר'}, {'name': 'לֹ֖א'}]}, {'name': 'ETNACHTA', 'children': [{'name': 'כִּ֣י'}, {'name': 'פֹ֣ה'}, {'name': 'אָמ֑וּת'}]}]}]}, {'name': 'SILLUQ', 'children': [{'name': 'ZAKEF_KATON', 'children': [{'name': 'PASHTA', 'children': [{'name': 'וַיָּ֨שֶׁב'}, {'name': 'בְּנָיָ֤הוּ'}, {'name': 'אֶת־הַמֶּ֙לֶךְ֙'}]}, {'name': 'ZAKEF_KATON', 'children': [{'name': 'דָּבָ֣ר'}, {'name': 'לֵאמֹ֔ר'}]}]}, {'name': 'SILLUQ', 'children': [{'name': 'TIPCHA', 'children': [{'name': 'כֹּֽה־דִבֶּ֥ר'}, {'name': 'יוֹאָ֖ב'}]}, {'name': 'SILLUQ', 'children': [{'name': 'וְכֹ֥ה'}, {'name': 'עָנָֽנִי׃'}]}]}]}]}"
31,I Kings 2:31,"{'name': 'PASUK', 'children': [{'name': 'ETNACHTA', 'children': [{'name': 'ZAKEF_KATON', 'children': [{'name': 'REVIA', 'children': [{'name': 'וַיֹּ֧אמֶר'}, {'name': 'ל֣וֹ'}, {'name': 'הַמֶּ֗לֶךְ'}]}, {'name': 'ZAKEF_KATON', 'children': [{'name': 'PASHTA', 'children': [{'name': 'עֲשֵׂה֙'}]}, {'name': 'ZAKEF_KATON', 'children': [{'name': 'כַּאֲשֶׁ֣ר'}, {'name': 'דִּבֶּ֔ר'}]}]}]}, {'name': 'ETNACHTA', 'children': [{'name': 'TIPCHA', 'children': [{'name': 'וּפְגַע־בּ֖וֹ'}]}, {'name': 'ETNACHTA', 'children': [{'name': 'וּקְבַרְתּ֑וֹ'}]}]}]}, {'name': 'SILLUQ', 'children': [{'name': 'ZAKEF_KATON', 'children': [{'name': 'REVIA', 'children': [{'name': 'MUNACH_LEGARMEIH', 'children': [{'name': 'וַהֲסִירֹ֣תָ׀'}]}, {'name': 'REVIA', 'children': [{'name': 'דְּמֵ֣י'}, {'name': 'חִנָּ֗ם'}]}]}, {'name': 'ZAKEF_KATON', 'children': [{'name': 'PASHTA', 'children': [{'name': 'אֲשֶׁר֙'}]}, {'name': 'ZAKEF_KATON', 'children': [{'name': 'שָׁפַ֣ךְ'}, {'name': 'יוֹאָ֔ב'}]}]}]}, {'name': 'SILLUQ', 'children': [{'name': 'ZAKEF_GADOL', 'children': [{'name': 'מֵעָלַ֕י'}]}, {'name': 'SILLUQ', 'children': [{'name': 'TIPCHA', 'children': [{'name': 'וּמֵעַ֖ל'}]}, {'name': 'SILLUQ', 'children': [{'name': 'בֵּ֥ית'}, {'name': 'אָבִֽי׃'}]}]}]}]}]}"
32,I Kings 2:32,"{'name': 'PASUK', 'children': [{'name': 'ETNACHTA', 'children': [{'name': 'ZAKEF_KATON', 'children': [{'name': 'REVIA', 'children': [{'name': 'GERESH', 'children': [{'name': 'וְהֵשִׁיב֩'}, {'name': 'יְהוָ֨ה'}, {'name': 'אֶת־דָּמ֜וֹ'}]}, {'name': 'REVIA', 'children': [{'name': 'עַל־רֹאשׁ֗וֹ'}]}]}, {'name': 'ZAKEF_KATON', 'children': [{'name': 'PASHTA', 'children': [{'name': 'TELISHA_GEDOLA', 'children': [{'name': 'אֲשֶׁ֣ר'}, {'name': 'פָּגַ֣ע'}, {'name': 'בִּשְׁנֵֽי־אֲ֠נָשִׁים'}]}, {'name': 'PASHTA', 'children': [{'name': 'צַדִּקִ֨ים'}, {'name': 'וְטֹבִ֤ים'}, {'name': 'מִמֶּ֙נּוּ֙'}]}]}, {'name': 'ZAKEF_KATON', 'children': [{'name': 'וַיַּהַרְגֵ֣ם'}, {'name': 'בַּחֶ֔רֶב'}]}]}]}, {'name': 'ETNACHTA', 'children': [{'name': 'TIPCHA', 'children': [{'name': 'וְאָבִ֥י'}, {'name': 'דָוִ֖ד'}]}, {'name': 'ETNACHTA', 'children': [{'name': 'לֹ֣א'}, {'name': 'יָדָ֑ע'}]}]}]}, {'name': 'SILLUQ', 'children': [{'name': 'ZAKEF_KATON', 'children': [{'name': 'PASHTA', 'children': [{'name': 'אֶת־אַבְנֵ֤ר'}, {'name': 'בֶּן־נֵר֙'}]}, {'name': 'ZAKEF_KATON', 'children': [{'name': 'שַׂר־צְבָ֣א'}, {'name': 'יִשְׂרָאֵ֔ל'}]}]}, {'name': 'SILLUQ', 'children': [{'name': 'TIPCHA', 'children': [{'name': 'וְאֶת־עֲמָשָׂ֥א'}, {'name': 'בֶן־יֶ֖תֶר'}]}, {'name': 'SILLUQ', 'children': [{'name': 'שַׂר־צְבָ֥א'}, {'name': 'יְהוּדָֽה׃'}]}]}]}]}"
33,I Kings 2:33,"{'name': 'PASUK', 'children': [{'name': 'ETNACHTA', 'children': [{'name': 'ZAKEF_KATON', 'children': [{'name': 'PASHTA', 'children': [{'name': 'וְשָׁ֤בוּ'}, {'name': 'דְמֵיהֶם֙'}]}, {'name': 'ZAKEF_KATON', 'children': [{'name': 'בְּרֹ֣אשׁ'}, {'name': 'יוֹאָ֔ב'}]}]}, {'name': 'ETNACHTA', 'children': [{'name': 'TIPCHA', 'children': [{'name': 'וּבְרֹ֥אשׁ'}, {'name': 'זַרְע֖וֹ'}]}, {'name': 'ETNACHTA', 'children': [{'name': 'לְעֹלָ֑ם'}]}]}]}, {'name': 'SILLUQ', 'children': [{'name': 'TIPCHA', 'children': [{'name': 'TEVIR', 'children': [{'name': 'PAZER', 'children': [{'name': 'וּלְדָוִ֡ד'}]}, {'name': 'TEVIR', 'children': [{'name': 'TELISHA_GEDOLA', 'children': [{'name': 'וּ֠לְזַרְעוֹ'}]}, {'name': 'TEVIR', 'children': [{'name': 'GERESH', 'children': [{'name': 'וּלְבֵית֨וֹ'}, {'name': 'וּלְכִסְא֜וֹ'}]}, {'name': 'TEVIR', 'children': [{'name': 'יִהְיֶ֥ה'}, {'name': 'שָׁל֛וֹם'}]}]}]}]}, {'name': 'TIPCHA', 'children': [{'name': 'עַד־עוֹלָ֖ם'}]}]}, {'name': 'SILLUQ', 'children': [{'name': 'מֵעִ֥ם'}, {'name': 'יְהוָֽה׃'}]}]}]}"
34,I Kings 2:34,"{'name': 'PASUK', 'children': [{'name': 'ETNACHTA', 'children': [{'name': 'ZAKEF_KATON', 'children': [{'name': 'REVIA', 'children': [{'name': 'וַיַּ֗עַל'}]}, {'name': 'ZAKEF_KATON', 'children': [{'name': 'PASHTA', 'children': [{'name': 'בְּנָיָ֙הוּ֙'}]}, {'name': 'ZAKEF_KATON', 'children': [{'name': 'בֶּן־יְה֣וֹיָדָ'}, {'name': '֔ע'}]}]}]}, {'name': 'ETNACHTA', 'children': [{'name': 'TIPCHA', 'children': [{'name': 'וַיִּפְגַּע־בּ֖וֹ'}]}, {'name': 'ETNACHTA', 'children': [{'name': 'וַיְמִתֵ֑הוּ'}]}]}]}, {'name': 'SILLUQ', 'children': [{'name': 'TIPCHA', 'children': [{'name': 'וַיִּקָּבֵ֥ר'}, {'name': 'בְּבֵית֖וֹ'}]}, {'name': 'SILLUQ', 'children': [{'name': 'בַּמִּדְבָּֽר׃'}]}]}]}"
35,I Kings 2:35,"{'name': 'PASUK', 'children': [{'name': 'ETNACHTA', 'children': [{'name': 'TIPCHA', 'children': [{'name': 'TEVIR', 'children': [{'name': 'GERESH', 'children': [{'name': 'וַיִּתֵּ֨ן'}, {'name': 'הַמֶּ֜לֶךְ'}]}, {'name': 'TEVIR', 'children': [{'name': 'אֶת־בְּנָיָ֧הוּ'}, {'name': 'בֶן־יְהוֹיָדָ֛ע'}]}]}, {'name': 'TIPCHA', 'children': [{'name': 'תַּחְתָּ֖יו'}]}]}, {'name': 'ETNACHTA', 'children': [{'name': 'עַל־הַצָּבָ֑א'}]}]}, {'name': 'SILLUQ', 'children': [{'name': 'ZAKEF_KATON', 'children': [{'name': 'PASHTA', 'children': [{'name': 'וְאֶת־צָד֤וֹק'}, {'name': 'הַכֹּהֵן֙'}]}, {'name': 'ZAKEF_KATON', 'children': [{'name': 'נָתַ֣ן'}, {'name': 'הַמֶּ֔לֶךְ'}]}]}, {'name': 'SILLUQ', 'children': [{'name': 'TIPCHA', 'children': [{'name': 'תַּ֖חַת'}]}, {'name': 'SILLUQ', 'children': [{'name': 'אֶבְיָתָֽר׃'}]}]}]}]}"
36,I Kings 2:36,"{'name': 'PASUK', 'children': [{'name': 'ETNACHTA', 'children': [{'name': 'ZAKEF_KATON', 'children': [{'name': 'PASHTA', 'children': [{'name': 'וַיִּשְׁלַ֤ח'}, {'name': 'הַמֶּ֙לֶךְ֙'}]}, {'name': 'ZAKEF_KATON', 'children': [{'name': 'וַיִּקְרָ֣א'}, {'name': 'לְשִׁמְעִ֔י'}]}]}, {'name': 'ETNACHTA', 'children': [{'name': 'ZAKEF_KATON', 'children': [{'name': 'REVIA', 'children': [{'name': 'וַיֹּ֣אמֶר'}, {'name': 'ל֗וֹ'}]}, {'name': 'ZAKEF_KATON', 'children': [{'name': 'PASHTA', 'children': [{'name': 'בְּֽנֵה־לְךָ֥'}, {'name': 'בַ֙יִת֙'}]}, {'name': 'ZAKEF_KATON', 'children': [{'name': 'בִּיר֣וּשָׁלִַ'}, {'name': '֔ם'}]}]}]}, {'name': 'ETNACHTA', 'children': [{'name': 'TIPCHA', 'children': [{'name': 'וְיָשַׁבְתָּ֖'}]}, {'name': 'ETNACHTA', 'children': [{'name': 'שָׁ֑ם'}]}]}]}]}, {'name': 'SILLUQ', 'children': [{'name': 'TIPCHA', 'children': [{'name': 'וְלֹֽא־תֵצֵ֥א'}, {'name': 'מִשָּׁ֖ם'}]}, {'name': 'SILLUQ', 'children': [{'name': 'אָ֥נֶה'}, {'name': 'וָאָֽנָה׃'}]}]}]}"
37,I Kings 2:37,"{'name': 'PASUK', 'children': [{'name': 'ETNACHTA', 'children': [{'name': 'ZAKEF_KATON', 'children': [{'name': 'REVIA', 'children': [{'name': 'MUNACH_LEGARMEIH', 'children': [{'name': 'וְהָיָ֣ה׀'}]}, {'name': 'REVIA', 'children': [{'name': 'בְּי֣וֹם'}, {'name': 'צֵאתְךָ֗'}]}]}, {'name': 'ZAKEF_KATON', 'children': [{'name': 'PASHTA', 'children': [{'name': 'וְעָֽבַרְתָּ֙'}]}, {'name': 'ZAKEF_KATON', 'children': [{'name': 'אֶת־נַ֣חַל'}, {'name': 'קִדְר֔וֹן'}]}]}]}, {'name': 'ETNACHTA', 'children': [{'name': 'TIPCHA', 'children': [{'name': 'יָדֹ֥עַ'}, {'name': 'תֵּדַ֖ע'}]}, {'name': 'ETNACHTA', 'children': [{'name': 'כִּ֣י'}, {'name': 'מ֣וֹת'}, {'name': 'תָּמ֑וּת'}]}]}]}, {'name': 'SILLUQ', 'children': [{'name': 'TIPCHA', 'children': [{'name': 'דָּמְךָ֖'}]}, {'name': 'SILLUQ', 'children': [{'name': 'יִהְיֶ֥ה'}, {'name': 'בְרֹאשֶֽׁךָ׃'}]}]}]}"
38,I Kings 2:38,"{'name': 'PASUK', 'children': [{'name': 'ETNACHTA', 'children': [{'name': 'ZAKEF_KATON', 'children': [{'name': 'PASHTA', 'children': [{'name': 'וַיֹּ֨אמֶר'}, {'name': 'שִׁמְעִ֤י'}, {'name': 'לַמֶּ֙לֶךְ֙'}]}, {'name': 'ZAKEF_KATON', 'children': [{'name': 'ט֣וֹב'}, {'name': 'הַדָּבָ֔ר'}]}]}, {'name': 'ETNACHTA', 'children': [{'name': 'ZAKEF_KATON', 'children': [{'name': 'PASHTA', 'children': [{'name': 'כַּאֲשֶׁ֤ר'}, {'name': 'דִּבֶּר֙'}]}, {'name': 'ZAKEF_KATON', 'children': [{'name': 'אֲדֹנִ֣י'}, {'name': 'הַמֶּ֔לֶךְ'}]}]}, {'name': 'ETNACHTA', 'children': [{'name': 'TIPCHA', 'children': [{'name': 'כֵּ֖ן'}]}, {'name': 'ETNACHTA', 'children': [{'name': 'יַעֲשֶׂ֣ה'}, {'name': 'עַבְדֶּ֑ךָ'}]}]}]}]}, {'name': 'SILLUQ', 'children': [{'name': 'TIPCHA', 'children': [{'name': 'TEVIR', 'children': [{'name': 'וַיֵּ֧שֶׁב'}, {'name': 'שִׁמְעִ֛י'}]}, {'name': 'TIPCHA', 'children': [{'name': 'בִּירוּשָׁלִַ֖ם'}]}]}, {'name': 'SILLUQ', 'children': [{'name': 'יָמִ֥ים'}, {'name': 'רַבִּֽים׃'}]}]}]}"
39,I Kings 2:39,"{'name': 'PASUK', 'children': [{'name': 'ETNACHTA', 'children': [{'name': 'ZAKEF_KATON', 'children': [{'name': 'REVIA', 'children': [{'name': 'וַיְהִ֗י'}]}, {'name': 'ZAKEF_KATON', 'children': [{'name': 'PASHTA', 'children': [{'name': 'מִקֵּץ֙'}]}, {'name': 'ZAKEF_KATON', 'children': [{'name': 'שָׁלֹ֣שׁ'}, {'name': 'שָׁנִ֔ים'}]}]}]}, {'name': 'ETNACHTA', 'children': [{'name': 'ZAKEF_KATON', 'children': [{'name': 'PASHTA', 'children': [{'name': 'וַיִּבְרְח֤וּ'}, {'name': 'שְׁנֵֽי־עֲבָדִים֙'}]}, {'name': 'ZAKEF_KATON', 'children': [{'name': 'לְשִׁמְעִ֔י'}]}]}, {'name': 'ETNACHTA', 'children': [{'name': 'TIPCHA', 'children': [{'name': 'אֶל־אָכִ֥ישׁ'}, {'name': 'בֶּֽן־מַעֲכָ֖ה'}]}, {'name': 'ETNACHTA', 'children': [{'name': 'מֶ֣לֶךְ'}, {'name': 'גַּ֑ת'}]}]}]}]}, {'name': 'SILLUQ', 'children': [{'name': 'ZAKEF_KATON', 'children': [{'name': 'PASHTA', 'children': [{'name': 'וַיַּגִּ֤ידוּ'}, {'name': 'לְשִׁמְעִי֙'}]}, {'name': 'ZAKEF_KATON', 'children': [{'name': 'לֵאמֹ֔ר'}]}]}, {'name': 'SILLUQ', 'children': [{'name': 'TIPCHA', 'children': [{'name': 'הִנֵּ֥ה'}, {'name': 'עֲבָדֶ֖יךָ'}]}, {'name': 'SILLUQ', 'children': [{'name': 'בְּגַֽת׃'}]}]}]}]}"
40,I Kings 2:40,"{'name': 'PASUK', 'children': [{'name': 'ETNACHTA', 'children': [{'name': 'ZAKEF_KATON', 'children': [{'name': 'REVIA', 'children': [{'name': 'וַיָּ֣קָם'}, {'name': 'שִׁמְעִ֗י'}]}, {'name': 'ZAKEF_KATON', 'children': [{'name': 'PASHTA', 'children': [{'name': 'וַֽיַּחֲבֹשׁ֙'}]}, {'name': 'ZAKEF_KATON', 'children': [{'name': 'אֶת־חֲמֹר֔וֹ'}]}]}]}, {'name': 'ETNACHTA', 'children': [{'name': 'ZAKEF_KATON', 'children': [{'name': 'PASHTA', 'children': [{'name': 'וַיֵּ֤לֶךְ'}, {'name': 'גַּ֙תָה֙'}]}, {'name': 'ZAKEF_KATON', 'children': [{'name': 'אֶל־אָכִ֔ישׁ'}]}]}, {'name': 'ETNACHTA', 'children': [{'name': 'TIPCHA', 'children': [{'name': 'לְבַקֵּ֖שׁ'}]}, {'name': 'ETNACHTA', 'children': [{'name': 'אֶת־עֲבָדָ֑יו'}]}]}]}]}, {'name': 'SILLUQ', 'children': [{'name': 'ZAKEF_KATON', 'children': [{'name': 'וַיֵּ֣לֶךְ'}, {'name': 'שִׁמְעִ֔י'}]}, {'name': 'SILLUQ', 'children': [{'name': 'TIPCHA', 'children': [{'name': 'וַיָּבֵ֥א'}, {'name': 'אֶת־עֲבָדָ֖יו'}]}, {'name': 'SILLUQ', 'children': [{'name': 'מִגַּֽת׃'}]}]}]}]}"
41,I Kings 2:41,"{'name': 'PASUK', 'children': [{'name': 'ETNACHTA', 'children': [{'name': 'TIPCHA', 'children': [{'name': 'וַיֻּגַּ֖ד'}]}, {'name': 'ETNACHTA', 'children': [{'name': 'לִשְׁלֹמֹ֑ה'}]}]}, {'name': 'SILLUQ', 'children': [{'name': 'TIPCHA', 'children': [{'name': 'TEVIR', 'children': [{'name': 'כִּי־הָלַ֨ךְ'}, {'name': 'שִׁמְעִ֧י'}, {'name': 'מִירוּשָׁלִַ֛ם'}]}, {'name': 'TIPCHA', 'children': [{'name': 'גַּ֖ת'}]}]}, {'name': 'SILLUQ', 'children': [{'name': 'וַיָּשֹֽׁב׃'}]}]}]}"
42,I Kings 2:42,"{'name': 'PASUK', 'children': [{'name': 'ETNACHTA', 'children': [{'name': 'ZAKEF_KATON', 'children': [{'name': 'REVIA', 'children': [{'name': 'GERESH', 'children': [{'name': 'וַיִּשְׁלַ֨ח'}, {'name': 'הַמֶּ֜לֶךְ'}]}, {'name': 'REVIA', 'children': [{'name': 'וַיִּקְרָ֣א'}, {'name': 'לְשִׁמְעִ֗י'}]}]}, {'name': 'ZAKEF_KATON', 'children': [{'name': 'REVIA', 'children': [{'name': 'GERESH', 'children': [{'name': 'וַיֹּ֨אמֶר'}, {'name': 'אֵלָ֜יו'}]}, {'name': 'REVIA', 'children': [{'name': 'הֲל֧וֹא'}, {'name': 'הִשְׁבַּעְתִּ֣יךָ'}, {'name': 'בַֽיהוָ֗ה'}]}]}, {'name': 'ZAKEF_KATON', 'children': [{'name': 'PASHTA', 'children': [{'name': 'וָאָעִ֤ד'}, {'name': 'בְּךָ֙'}]}, {'name': 'ZAKEF_KATON', 'children': [{'name': 'לֵאמֹ֔ר'}]}]}]}]}, {'name': 'ETNACHTA', 'children': [{'name': 'ZAKEF_KATON', 'children': [{'name': 'REVIA', 'children': [{'name': 'בְּי֣וֹם'}, {'name': 'צֵאתְךָ֗'}]}, {'name': 'ZAKEF_KATON', 'children': [{'name': 'PASHTA', 'children': [{'name': 'וְהָֽלַכְתָּ֙'}]}, {'name': 'ZAKEF_KATON', 'children': [{'name': 'אָ֣נֶה'}, {'name': 'וָאָ֔נָה'}]}]}]}, {'name': 'ETNACHTA', 'children': [{'name': 'TIPCHA', 'children': [{'name': 'יָדֹ֥עַ'}, {'name': 'תֵּדַ֖ע'}]}, {'name': 'ETNACHTA', 'children': [{'name': 'כִּ֣י'}, {'name': 'מ֣וֹת'}, {'name': 'תָּמ֑וּת'}]}]}]}]}, {'name': 'SILLUQ', 'children': [{'name': 'TIPCHA', 'children': [{'name': 'TEVIR', 'children': [{'name': 'וַתֹּ֧אמֶר'}, {'name': 'אֵלַ֛י'}]}, {'name': 'TIPCHA', 'children': [{'name': 'ט֥וֹב'}, {'name': 'הַדָּבָ֖ר'}]}]}, {'name': 'SILLUQ', 'children': [{'name': 'שָׁמָֽעְתִּי׃'}]}]}]}"
43,I Kings 2:43,"{'name': 'PASUK', 'children': [{'name': 'ETNACHTA', 'children': [{'name': 'ZAKEF_GADOL', 'children': [{'name': 'וּמַדּ֕וּעַ'}]}, {'name': 'ETNACHTA', 'children': [{'name': 'ZAKEF_KATON', 'children': [{'name': 'לֹ֣א'}, {'name': 'שָׁמַ֔רְתָּ'}]}, {'name': 'ETNACHTA', 'children': [{'name': 'TIPCHA', 'children': [{'name': 'אֵ֖ת'}]}, {'name': 'ETNACHTA', 'children': [{'name': 'שְׁבֻעַ֣ת'}, {'name': 'יְהוָ֑ה'}]}]}]}]}, {'name': 'SILLUQ', 'children': [{'name': 'TIPCHA', 'children': [{'name': 'וְאֶת־הַמִּצְוָ֖ה'}]}, {'name': 'SILLUQ', 'children': [{'name': 'אֲשֶׁר־צִוִּ֥יתִי'}, {'name': 'עָלֶֽיךָ׃'}]}]}]}"
44,I Kings 2:44,"{'name': 'PASUK', 'children': [{'name': 'ETNACHTA', 'children': [{'name': 'ZAKEF_KATON', 'children': [{'name': 'REVIA', 'children': [{'name': 'GERESH', 'children': [{'name': 'וַיֹּ֨אמֶר'}, {'name': 'הַמֶּ֜לֶךְ'}]}, {'name': 'REVIA', 'children': [{'name': 'אֶל־שִׁמְעִ֗י'}]}]}, {'name': 'ZAKEF_KATON', 'children': [{'name': 'PASHTA', 'children': [{'name': 'אַתָּ֤ה'}, {'name': 'יָדַ֙עְתָּ֙'}]}, {'name': 'ZAKEF_KATON', 'children': [{'name': 'REVIA', 'children': [{'name': 'אֵ֣ת'}, {'name': 'כָּל־הָרָעָ֗ה'}]}, {'name': 'ZAKEF_KATON', 'children': [{'name': 'PASHTA', 'children': [{'name': 'אֲשֶׁ֤ר'}, {'name': 'יָדַע֙'}]}, {'name': 'ZAKEF_KATON', 'children': [{'name': 'לְבָ֣בְךָ'}, {'name': '֔'}]}]}]}]}]}, {'name': 'ETNACHTA', 'children': [{'name': 'TIPCHA', 'children': [{'name': 'אֲשֶׁ֥ר'}, {'name': 'עָשִׂ֖יתָ'}]}, {'name': 'ETNACHTA', 'children': [{'name': 'לְדָוִ֣ד'}, {'name': 'אָבִ֑י'}]}]}]}, {'name': 'SILLUQ', 'children': [{'name': 'TIPCHA', 'children': [{'name': 'TEVIR', 'children': [{'name': 'וְהֵשִׁ֧יב'}, {'name': 'יְהוָ֛ה'}]}, {'name': 'TIPCHA', 'children': [{'name': 'אֶת־רָעָתְךָ֖'}]}]}, {'name': 'SILLUQ', 'children': [{'name': 'בְּרֹאשֶֽׁךָ׃'}]}]}]}"
45,I Kings 2:45,"{'name': 'PASUK', 'children': [{'name': 'ETNACHTA', 'children': [{'name': 'TIPCHA', 'children': [{'name': 'וְהַמֶּ֥לֶךְ'}, {'name': 'שְׁלֹמֹ֖ה'}]}, {'name': 'ETNACHTA', 'children': [{'name': 'בָּר֑וּךְ'}]}]}, {'name': 'SILLUQ', 'children': [{'name': 'TIPCHA', 'children': [{'name': 'REVIA', 'children': [{'name': 'וְכִסֵּ֣א'}, {'name': 'דָוִ֗ד'}]}, {'name': 'TIPCHA', 'children': [{'name': 'TEVIR', 'children': [{'name': 'יִהְיֶ֥ה'}, {'name': 'נָכ֛וֹן'}]}, {'name': 'TIPCHA', 'children': [{'name': 'לִפְנֵ֥י'}, {'name': 'יְהוָ֖ה'}]}]}]}, {'name': 'SILLUQ', 'children': [{'name': 'עַד־עוֹלָֽם׃'}]}]}]}"
46,I Kings 2:46,"{'name': 'PASUK', 'children': [{'name': 'ETNACHTA', 'children': [{'name': 'ZAKEF_KATON', 'children': [{'name': 'REVIA', 'children': [{'name': 'וַיְצַ֣ו'}, {'name': 'הַמֶּ֗לֶךְ'}]}, {'name': 'ZAKEF_KATON', 'children': [{'name': 'PASHTA', 'children': [{'name': 'אֶת־בְּנָיָ֙הוּ֙'}]}, {'name': 'ZAKEF_KATON', 'children': [{'name': 'בֶּן־יְה֣וֹיָדָ'}, {'name': '֔ע'}]}]}]}, {'name': 'ETNACHTA', 'children': [{'name': 'ZAKEF_GADOL', 'children': [{'name': 'וַיֵּצֵ֕א'}]}, {'name': 'ETNACHTA', 'children': [{'name': 'TIPCHA', 'children': [{'name': 'וַיִּפְגַּע־בּ֖וֹ'}]}, {'name': 'ETNACHTA', 'children': [{'name': 'וַיָּמֹ֑ת'}]}]}]}]}, {'name': 'SILLUQ', 'children': [{'name': 'TIPCHA', 'children': [{'name': 'וְהַמַּמְלָכָ֥ה'}, {'name': 'נָכ֖וֹנָה'}]}, {'name': 'SILLUQ', 'children': [{'name': 'בְּיַד־שְׁלֹמֹֽה׃'}]}]}]}"
